class,family,model,model_type,ubatch,depth,test,mean_ts,stddev_ts,sample_2,sample_3,sample_4
moe,Laguna XS 2.1,Laguna-XS-2.1-Q4_K_M,laguna 30B.A3B Q4_K - Medium,2048,0,PP512,1970.6566666666668,4.831214478092836,1966.07,1975.7,1970.2
moe,Laguna XS 2.1,Laguna-XS-2.1-Q4_K_M,laguna 30B.A3B Q4_K - Medium,2048,0,PP1024,2118.1400000000003,3.2848287626602195,2121.59,2117.78,2115.05
moe,Laguna XS 2.1,Laguna-XS-2.1-Q4_K_M,laguna 30B.A3B Q4_K - Medium,2048,0,PP2048,2036.32,3.4219438920005603,2040.25,2034.71,2034
moe,Laguna XS 2.1,Laguna-XS-2.1-Q4_K_M,laguna 30B.A3B Q4_K - Medium,2048,0,PP4096,1925.6033333333332,2.7517509577236345,1928.61,1924.99,1923.21
moe,Laguna XS 2.1,Laguna-XS-2.1-Q4_K_M,laguna 30B.A3B Q4_K - Medium,2048,0,TG128,73.03043333333333,0.09500507004014333,72.9217,73.0722,73.0974
moe,Laguna XS 2.1,Laguna-XS-2.1-Q4_K_M,laguna 30B.A3B Q4_K - Medium,2048,12000,PP512,1288.8366666666666,60.60337476851703,1321.04,1218.93,1326.54
moe,Laguna XS 2.1,Laguna-XS-2.1-Q4_K_M,laguna 30B.A3B Q4_K - Medium,2048,12000,PP1024,1392.7966666666666,36.762320837146945,1350.38,1415.45,1412.56
moe,Laguna XS 2.1,Laguna-XS-2.1-Q4_K_M,laguna 30B.A3B Q4_K - Medium,2048,12000,PP2048,1333.2033333333334,16.99885976568221,1313.64,1344.37,1341.6
moe,Laguna XS 2.1,Laguna-XS-2.1-Q4_K_M,laguna 30B.A3B Q4_K - Medium,2048,12000,PP4096,1299.7066666666667,1.5781740503928203,1297.96,1301.03,1300.13
moe,Laguna XS 2.1,Laguna-XS-2.1-Q4_K_M,laguna 30B.A3B Q4_K - Medium,2048,12000,TG128,53.24203333333333,0.020568503429598064,53.2468,53.2195,53.2598
moe,Laguna XS 2.1,Laguna-XS-2.1-Q4_K_M,laguna 30B.A3B Q4_K - Medium,2048,32000,PP512,746.5663333333333,24.121199479572606,754.994,719.362,765.343
moe,Laguna XS 2.1,Laguna-XS-2.1-Q4_K_M,laguna 30B.A3B Q4_K - Medium,2048,32000,PP1024,842.7193333333333,11.482466038849527,829.542,848.037,850.579
moe,Laguna XS 2.1,Laguna-XS-2.1-Q4_K_M,laguna 30B.A3B Q4_K - Medium,2048,32000,PP2048,812.095,5.190815253888329,806.817,812.274,817.194
moe,Laguna XS 2.1,Laguna-XS-2.1-Q4_K_M,laguna 30B.A3B Q4_K - Medium,2048,32000,PP4096,797.323,1.106725349849701,798.387,797.404,796.178
moe,Laguna XS 2.1,Laguna-XS-2.1-Q4_K_M,laguna 30B.A3B Q4_K - Medium,2048,32000,TG128,33.0387,0.0405732670609627,33.0057,33.084,33.0264
moe,Laguna XS 2.1,Laguna-XS-2.1-Q4_K_M,laguna 30B.A3B Q4_K - Medium,2048,64000,PP512,453.15133333333335,7.226567396304633,458.236,444.879,456.339
moe,Laguna XS 2.1,Laguna-XS-2.1-Q4_K_M,laguna 30B.A3B Q4_K - Medium,2048,64000,PP1024,495.53266666666667,2.40600838180863,492.784,496.557,497.257
moe,Laguna XS 2.1,Laguna-XS-2.1-Q4_K_M,laguna 30B.A3B Q4_K - Medium,2048,64000,PP2048,492.1573333333333,0.5871663591635142,492.038,492.795,491.639
moe,Laguna XS 2.1,Laguna-XS-2.1-Q4_K_M,laguna 30B.A3B Q4_K - Medium,2048,64000,PP4096,485.52933333333334,0.2687309683183642,485.559,485.782,485.247
moe,Laguna XS 2.1,Laguna-XS-2.1-Q4_K_M,laguna 30B.A3B Q4_K - Medium,2048,64000,TG128,18.893233333333335,0.007250057471037447,18.886,18.9005,18.8932
moe,Laguna XS 2.1,Laguna-XS-2.1-Q4_K_M,laguna 30B.A3B Q4_K - Medium,2048,128000,PP512,257.80533333333335,2.6260162477283586,259.256,254.774,259.386
moe,Laguna XS 2.1,Laguna-XS-2.1-Q4_K_M,laguna 30B.A3B Q4_K - Medium,2048,128000,PP1024,271.541,2.0510007313504466,269.489,271.543,273.591
moe,Laguna XS 2.1,Laguna-XS-2.1-Q4_K_M,laguna 30B.A3B Q4_K - Medium,2048,128000,PP2048,271.89666666666665,1.950864509219777,269.668,272.727,273.295
moe,Laguna XS 2.1,Laguna-XS-2.1-Q4_K_M,laguna 30B.A3B Q4_K - Medium,2048,128000,PP4096,269.2746666666667,0.89737691820848,269.964,269.6,268.26
moe,Laguna XS 2.1,Laguna-XS-2.1-Q4_K_M,laguna 30B.A3B Q4_K - Medium,2048,128000,TG128,9.689363333333333,0.01329585022980272,9.67456,9.69324,9.70029
moe,Ling 3.0 Tiny,Ling-3.0-tiny-Q4_K_M,bailingmoe3 7.9B.A1.3B Q4_K - Medium,2048,0,PP512,4747.296666666667,13.123743114422085,4732.24,4753.34,4756.31
moe,Ling 3.0 Tiny,Ling-3.0-tiny-Q4_K_M,bailingmoe3 7.9B.A1.3B Q4_K - Medium,2048,0,PP1024,5090.816666666667,10.822034620778549,5078.34,5096.45,5097.66
moe,Ling 3.0 Tiny,Ling-3.0-tiny-Q4_K_M,bailingmoe3 7.9B.A1.3B Q4_K - Medium,2048,0,PP2048,4845.756666666667,1.6819433204880425,4844.03,4847.39,4845.85
moe,Ling 3.0 Tiny,Ling-3.0-tiny-Q4_K_M,bailingmoe3 7.9B.A1.3B Q4_K - Medium,2048,0,PP4096,4316.783333333334,6.1613661904915995,4322.31,4317.9,4310.14
moe,Ling 3.0 Tiny,Ling-3.0-tiny-Q4_K_M,bailingmoe3 7.9B.A1.3B Q4_K - Medium,2048,0,TG128,112.146,0.035930488446440305,112.172,112.105,112.161
moe,Ling 3.0 Tiny,Ling-3.0-tiny-Q4_K_M,bailingmoe3 7.9B.A1.3B Q4_K - Medium,2048,12000,PP512,1883.68,133.1358475392709,1729.95,1961.23,1959.86
moe,Ling 3.0 Tiny,Ling-3.0-tiny-Q4_K_M,bailingmoe3 7.9B.A1.3B Q4_K - Medium,2048,12000,PP1024,1935.64,60.371128033191496,1867.7,1983.13,1956.09
moe,Ling 3.0 Tiny,Ling-3.0-tiny-Q4_K_M,bailingmoe3 7.9B.A1.3B Q4_K - Medium,2048,12000,PP2048,1862.9933333333333,32.4640606414745,1826.33,1888.09,1874.56
moe,Ling 3.0 Tiny,Ling-3.0-tiny-Q4_K_M,bailingmoe3 7.9B.A1.3B Q4_K - Medium,2048,12000,PP4096,1770.0,5.313416979684456,1767.52,1766.38,1776.1
moe,Ling 3.0 Tiny,Ling-3.0-tiny-Q4_K_M,bailingmoe3 7.9B.A1.3B Q4_K - Medium,2048,12000,TG128,103.037,0.017521415467940626,103.02,103.036,103.055
moe,Ling 3.0 Tiny,Ling-3.0-tiny-Q4_K_M,bailingmoe3 7.9B.A1.3B Q4_K - Medium,2048,32000,PP512,957.72,35.11666037652215,917.174,978.436,977.55
moe,Ling 3.0 Tiny,Ling-3.0-tiny-Q4_K_M,bailingmoe3 7.9B.A1.3B Q4_K - Medium,2048,32000,PP1024,999.2013333333333,24.17541530839403,973.154,1003.53,1020.92
moe,Ling 3.0 Tiny,Ling-3.0-tiny-Q4_K_M,bailingmoe3 7.9B.A1.3B Q4_K - Medium,2048,32000,PP2048,949.1543333333334,8.181604814052914,940.553,950.071,956.839
moe,Ling 3.0 Tiny,Ling-3.0-tiny-Q4_K_M,bailingmoe3 7.9B.A1.3B Q4_K - Medium,2048,32000,PP4096,942.361,10.999174832686338,952.464,930.644,943.975
moe,Ling 3.0 Tiny,Ling-3.0-tiny-Q4_K_M,bailingmoe3 7.9B.A1.3B Q4_K - Medium,2048,32000,TG128,97.63893333333333,0.043639011598948764,97.6797,97.5929,97.6442
moe,Ling 3.0 Tiny,Ling-3.0-tiny-Q4_K_M,bailingmoe3 7.9B.A1.3B Q4_K - Medium,2048,64000,PP512,536.3086666666667,10.550840219306359,524.182,543.386,541.358
moe,Ling 3.0 Tiny,Ling-3.0-tiny-Q4_K_M,bailingmoe3 7.9B.A1.3B Q4_K - Medium,2048,64000,PP1024,539.2633333333333,5.515930595405762,534.823,545.438,537.529
moe,Ling 3.0 Tiny,Ling-3.0-tiny-Q4_K_M,bailingmoe3 7.9B.A1.3B Q4_K - Medium,2048,64000,PP2048,524.0506666666666,7.062512041287635,519.791,520.158,532.203
moe,Ling 3.0 Tiny,Ling-3.0-tiny-Q4_K_M,bailingmoe3 7.9B.A1.3B Q4_K - Medium,2048,64000,PP4096,521.778,5.792862073276054,518.053,518.829,528.452
moe,Ling 3.0 Tiny,Ling-3.0-tiny-Q4_K_M,bailingmoe3 7.9B.A1.3B Q4_K - Medium,2048,64000,TG128,86.00053333333334,0.01250013333262508,85.988,86.013,86.0006
moe,Ling 3.0 Tiny,Ling-3.0-tiny-Q4_K_M,bailingmoe3 7.9B.A1.3B Q4_K - Medium,2048,128000,PP512,286.91866666666664,3.3592620221312486,283.046,289.046,288.664
moe,Ling 3.0 Tiny,Ling-3.0-tiny-Q4_K_M,bailingmoe3 7.9B.A1.3B Q4_K - Medium,2048,128000,PP1024,293.928,2.07196066564981,291.593,294.644,295.547
moe,Ling 3.0 Tiny,Ling-3.0-tiny-Q4_K_M,bailingmoe3 7.9B.A1.3B Q4_K - Medium,2048,128000,PP2048,283.5683333333333,3.320443544668889,279.887,286.337,284.481
moe,Ling 3.0 Tiny,Ling-3.0-tiny-Q4_K_M,bailingmoe3 7.9B.A1.3B Q4_K - Medium,2048,128000,PP4096,277.41833333333335,3.700250306848642,277.712,280.963,273.58
moe,Ling 3.0 Tiny,Ling-3.0-tiny-Q4_K_M,bailingmoe3 7.9B.A1.3B Q4_K - Medium,2048,128000,TG128,70.6043,0.012571396103849636,70.6073,70.6151,70.5905
moe,Ling 3.0 Tiny,Ling-3.0-tiny-Q5_K_M,bailingmoe3 7.9B.A1.3B Q5_K - Medium,2048,0,PP512,4604.18,5.8347579212849245,4600.08,4610.86,4601.6
moe,Ling 3.0 Tiny,Ling-3.0-tiny-Q5_K_M,bailingmoe3 7.9B.A1.3B Q5_K - Medium,2048,0,PP1024,5065.78,9.270064724692922,5072.37,5055.18,5069.79
moe,Ling 3.0 Tiny,Ling-3.0-tiny-Q5_K_M,bailingmoe3 7.9B.A1.3B Q5_K - Medium,2048,0,PP2048,4775.193333333334,14.73408406835454,4778.43,4788.04,4759.11
moe,Ling 3.0 Tiny,Ling-3.0-tiny-Q5_K_M,bailingmoe3 7.9B.A1.3B Q5_K - Medium,2048,0,PP4096,4260.28,13.09871749447215,4252.38,4253.06,4275.4
moe,Ling 3.0 Tiny,Ling-3.0-tiny-Q5_K_M,bailingmoe3 7.9B.A1.3B Q5_K - Medium,2048,0,TG128,106.60466666666667,0.04050102879351562,106.641,106.612,106.561
moe,Ling 3.0 Tiny,Ling-3.0-tiny-Q5_K_M,bailingmoe3 7.9B.A1.3B Q5_K - Medium,2048,12000,PP512,1868.8366666666666,134.14525423336198,1713.94,1946.75,1945.82
moe,Ling 3.0 Tiny,Ling-3.0-tiny-Q5_K_M,bailingmoe3 7.9B.A1.3B Q5_K - Medium,2048,12000,PP1024,1921.9333333333334,78.43142248699395,1832.99,1951.63,1981.18
moe,Ling 3.0 Tiny,Ling-3.0-tiny-Q5_K_M,bailingmoe3 7.9B.A1.3B Q5_K - Medium,2048,12000,PP2048,1848.59,31.021070258777403,1813.35,1860.65,1871.77
moe,Ling 3.0 Tiny,Ling-3.0-tiny-Q5_K_M,bailingmoe3 7.9B.A1.3B Q5_K - Medium,2048,12000,PP4096,1756.66,17.498877106831777,1758.09,1773.4,1738.49
moe,Ling 3.0 Tiny,Ling-3.0-tiny-Q5_K_M,bailingmoe3 7.9B.A1.3B Q5_K - Medium,2048,12000,TG128,98.2103,0.23769198556115034,98.3679,97.9369,98.3261
moe,Ling 3.0 Tiny,Ling-3.0-tiny-Q5_K_M,bailingmoe3 7.9B.A1.3B Q5_K - Medium,2048,32000,PP512,952.794,33.723315184008875,913.896,973.815,970.671
moe,Ling 3.0 Tiny,Ling-3.0-tiny-Q5_K_M,bailingmoe3 7.9B.A1.3B Q5_K - Medium,2048,32000,PP1024,1004.3616666666667,21.237942657737186,979.845,1016.12,1017.12
moe,Ling 3.0 Tiny,Ling-3.0-tiny-Q5_K_M,bailingmoe3 7.9B.A1.3B Q5_K - Medium,2048,32000,PP2048,941.8933333333333,18.41753464319622,929.328,963.035,933.317
moe,Ling 3.0 Tiny,Ling-3.0-tiny-Q5_K_M,bailingmoe3 7.9B.A1.3B Q5_K - Medium,2048,32000,PP4096,910.6113333333334,8.813393009127243,917.567,913.567,900.7
moe,Ling 3.0 Tiny,Ling-3.0-tiny-Q5_K_M,bailingmoe3 7.9B.A1.3B Q5_K - Medium,2048,32000,TG128,93.5789,0.02142171795164952,93.5654,93.6036,93.5677
moe,Ling 3.0 Tiny,Ling-3.0-tiny-Q5_K_M,bailingmoe3 7.9B.A1.3B Q5_K - Medium,2048,64000,PP512,534.8453333333333,10.434465982182953,522.895,542.151,539.49
moe,Ling 3.0 Tiny,Ling-3.0-tiny-Q5_K_M,bailingmoe3 7.9B.A1.3B Q5_K - Medium,2048,64000,PP1024,548.0826666666667,3.2813631821749936,551.426,544.867,547.955
moe,Ling 3.0 Tiny,Ling-3.0-tiny-Q5_K_M,bailingmoe3 7.9B.A1.3B Q5_K - Medium,2048,64000,PP2048,531.381,13.195274949768958,525.566,546.485,522.092
moe,Ling 3.0 Tiny,Ling-3.0-tiny-Q5_K_M,bailingmoe3 7.9B.A1.3B Q5_K - Medium,2048,64000,PP4096,522.905,1.8454368046616745,521.384,522.373,524.958
moe,Ling 3.0 Tiny,Ling-3.0-tiny-Q5_K_M,bailingmoe3 7.9B.A1.3B Q5_K - Medium,2048,64000,TG128,82.73623333333333,0.015559670090760988,82.7542,82.7273,82.7272
moe,Ling 3.0 Tiny,Ling-3.0-tiny-Q5_K_M,bailingmoe3 7.9B.A1.3B Q5_K - Medium,2048,128000,PP512,286.2366666666667,3.142235244747494,282.615,288.238,287.857
moe,Ling 3.0 Tiny,Ling-3.0-tiny-Q5_K_M,bailingmoe3 7.9B.A1.3B Q5_K - Medium,2048,128000,PP1024,291.94866666666667,3.071346664467142,291.39,289.195,295.261
moe,Ling 3.0 Tiny,Ling-3.0-tiny-Q5_K_M,bailingmoe3 7.9B.A1.3B Q5_K - Medium,2048,128000,PP2048,279.535,2.8810281151005723,276.449,280.002,282.154
moe,Ling 3.0 Tiny,Ling-3.0-tiny-Q5_K_M,bailingmoe3 7.9B.A1.3B Q5_K - Medium,2048,128000,PP4096,279.60433333333333,2.221324904945974,277.85,282.102,278.861
moe,Ling 3.0 Tiny,Ling-3.0-tiny-Q5_K_M,bailingmoe3 7.9B.A1.3B Q5_K - Medium,2048,128000,TG128,68.33363333333334,0.05642023868554017,68.3952,68.3213,68.2844
moe,Ling 3.0 Tiny,Ling-3.0-tiny-Q6_K,bailingmoe3 7.9B.A1.3B Q6_K,2048,0,PP512,4061.8733333333334,4.0051508502593505,4057.27,4064.56,4063.79
moe,Ling 3.0 Tiny,Ling-3.0-tiny-Q6_K,bailingmoe3 7.9B.A1.3B Q6_K,2048,0,PP1024,4607.63,9.842169476289051,4602.94,4618.94,4601.01
moe,Ling 3.0 Tiny,Ling-3.0-tiny-Q6_K,bailingmoe3 7.9B.A1.3B Q6_K,2048,0,PP2048,4332.11,9.906669470613979,4322.31,4331.9,4342.12
moe,Ling 3.0 Tiny,Ling-3.0-tiny-Q6_K,bailingmoe3 7.9B.A1.3B Q6_K,2048,0,PP4096,3905.923333333333,2.3844775807989906,3903.17,3907.29,3907.31
moe,Ling 3.0 Tiny,Ling-3.0-tiny-Q6_K,bailingmoe3 7.9B.A1.3B Q6_K,2048,0,TG128,105.16033333333334,0.02685764943797756,105.191,105.149,105.141
moe,Ling 3.0 Tiny,Ling-3.0-tiny-Q6_K,bailingmoe3 7.9B.A1.3B Q6_K,2048,12000,PP512,1753.4,160.65143976945865,1567.91,1844.15,1848.14
moe,Ling 3.0 Tiny,Ling-3.0-tiny-Q6_K,bailingmoe3 7.9B.A1.3B Q6_K,2048,12000,PP1024,1852.9266666666667,77.01756249929848,1767.86,1917.92,1873
moe,Ling 3.0 Tiny,Ling-3.0-tiny-Q6_K,bailingmoe3 7.9B.A1.3B Q6_K,2048,12000,PP2048,1759.5666666666666,60.380810141412795,1702.02,1822.43,1754.25
moe,Ling 3.0 Tiny,Ling-3.0-tiny-Q6_K,bailingmoe3 7.9B.A1.3B Q6_K,2048,12000,PP4096,1700.2266666666667,13.981488952659236,1689.43,1716.02,1695.23
moe,Ling 3.0 Tiny,Ling-3.0-tiny-Q6_K,bailingmoe3 7.9B.A1.3B Q6_K,2048,12000,TG128,97.29063333333333,0.048741392402489106,97.3466,97.2575,97.2678
moe,Ling 3.0 Tiny,Ling-3.0-tiny-Q6_K,bailingmoe3 7.9B.A1.3B Q6_K,2048,32000,PP512,913.5666666666666,39.859002111610025,869.27,946.536,924.894
moe,Ling 3.0 Tiny,Ling-3.0-tiny-Q6_K,bailingmoe3 7.9B.A1.3B Q6_K,2048,32000,PP1024,953.387,25.962967877344045,923.466,969.968,966.727
moe,Ling 3.0 Tiny,Ling-3.0-tiny-Q6_K,bailingmoe3 7.9B.A1.3B Q6_K,2048,32000,PP2048,904.654,7.822445845130527,913.616,901.149,899.197
moe,Ling 3.0 Tiny,Ling-3.0-tiny-Q6_K,bailingmoe3 7.9B.A1.3B Q6_K,2048,32000,PP4096,897.0036666666666,12.746429787722235,887.559,911.502,891.95
moe,Ling 3.0 Tiny,Ling-3.0-tiny-Q6_K,bailingmoe3 7.9B.A1.3B Q6_K,2048,32000,TG128,91.9783,0.047215781260078825,91.9571,91.9454,92.0324
moe,Ling 3.0 Tiny,Ling-3.0-tiny-Q6_K,bailingmoe3 7.9B.A1.3B Q6_K,2048,64000,PP512,520.496,14.181352156970073,505.173,533.159,523.156
moe,Ling 3.0 Tiny,Ling-3.0-tiny-Q6_K,bailingmoe3 7.9B.A1.3B Q6_K,2048,64000,PP1024,537.2023333333333,3.6248698367435743,533.433,540.663,537.511
moe,Ling 3.0 Tiny,Ling-3.0-tiny-Q6_K,bailingmoe3 7.9B.A1.3B Q6_K,2048,64000,PP2048,512.2566666666667,2.0424486121646503,509.899,513.384,513.487
moe,Ling 3.0 Tiny,Ling-3.0-tiny-Q6_K,bailingmoe3 7.9B.A1.3B Q6_K,2048,64000,PP4096,512.2613333333334,4.296436236386306,515.133,507.322,514.329
moe,Ling 3.0 Tiny,Ling-3.0-tiny-Q6_K,bailingmoe3 7.9B.A1.3B Q6_K,2048,64000,TG128,81.601,0.0029137604568688033,81.6042,81.6003,81.5985
moe,Ling 3.0 Tiny,Ling-3.0-tiny-Q6_K,bailingmoe3 7.9B.A1.3B Q6_K,2048,128000,PP512,283.721,4.279248882689563,278.79,285.911,286.462
moe,Ling 3.0 Tiny,Ling-3.0-tiny-Q6_K,bailingmoe3 7.9B.A1.3B Q6_K,2048,128000,PP1024,287.63733333333334,2.1567626975013585,285.432,287.738,289.742
moe,Ling 3.0 Tiny,Ling-3.0-tiny-Q6_K,bailingmoe3 7.9B.A1.3B Q6_K,2048,128000,PP2048,276.0686666666667,2.4126695449922915,275.397,278.746,274.063
moe,Ling 3.0 Tiny,Ling-3.0-tiny-Q6_K,bailingmoe3 7.9B.A1.3B Q6_K,2048,128000,PP4096,276.85066666666665,3.2824019152646895,280.267,273.721,276.564
moe,Ling 3.0 Tiny,Ling-3.0-tiny-Q6_K,bailingmoe3 7.9B.A1.3B Q6_K,2048,128000,TG128,67.68673333333334,0.02143019676376068,67.7018,67.6622,67.6962
moe,Ling 3.0 Tiny,Ling-3.0-tiny-Q8_0,bailingmoe3 7.9B.A1.3B Q8_0,2048,0,PP512,4660.81,11.890126155764515,4647.56,4670.55,4664.32
moe,Ling 3.0 Tiny,Ling-3.0-tiny-Q8_0,bailingmoe3 7.9B.A1.3B Q8_0,2048,0,PP1024,5192.486666666667,17.8755149109986,5174.69,5192.33,5210.44
moe,Ling 3.0 Tiny,Ling-3.0-tiny-Q8_0,bailingmoe3 7.9B.A1.3B Q8_0,2048,0,PP2048,4986.886666666666,7.582745764782703,4985.11,4995.2,4980.35
moe,Ling 3.0 Tiny,Ling-3.0-tiny-Q8_0,bailingmoe3 7.9B.A1.3B Q8_0,2048,0,PP4096,4446.816666666667,8.38413581314931,4455.83,4445.37,4439.25
moe,Ling 3.0 Tiny,Ling-3.0-tiny-Q8_0,bailingmoe3 7.9B.A1.3B Q8_0,2048,0,TG128,98.00226666666667,0.08268169890207334,98.0625,97.908,98.0363
moe,Ling 3.0 Tiny,Ling-3.0-tiny-Q8_0,bailingmoe3 7.9B.A1.3B Q8_0,2048,12000,PP512,1876.4433333333334,127.58687249608919,1729.13,1951.68,1948.52
moe,Ling 3.0 Tiny,Ling-3.0-tiny-Q8_0,bailingmoe3 7.9B.A1.3B Q8_0,2048,12000,PP1024,1973.6633333333334,91.34613091605642,1872.94,2051.14,1996.91
moe,Ling 3.0 Tiny,Ling-3.0-tiny-Q8_0,bailingmoe3 7.9B.A1.3B Q8_0,2048,12000,PP2048,1861.8366666666666,50.670422667798356,1803.77,1897.09,1884.65
moe,Ling 3.0 Tiny,Ling-3.0-tiny-Q8_0,bailingmoe3 7.9B.A1.3B Q8_0,2048,12000,PP4096,1793.2733333333333,11.129664565175894,1805.03,1791.89,1782.9
moe,Ling 3.0 Tiny,Ling-3.0-tiny-Q8_0,bailingmoe3 7.9B.A1.3B Q8_0,2048,12000,TG128,91.43403333333333,0.0458017830802832,91.4796,91.4345,91.388
moe,Ling 3.0 Tiny,Ling-3.0-tiny-Q8_0,bailingmoe3 7.9B.A1.3B Q8_0,2048,32000,PP512,951.5383333333334,37.88676845989022,907.791,973.6,973.224
moe,Ling 3.0 Tiny,Ling-3.0-tiny-Q8_0,bailingmoe3 7.9B.A1.3B Q8_0,2048,32000,PP1024,1011.421,16.444261400257552,992.433,1020.84,1020.99
moe,Ling 3.0 Tiny,Ling-3.0-tiny-Q8_0,bailingmoe3 7.9B.A1.3B Q8_0,2048,32000,PP2048,964.8083333333333,11.087330848014473,977.323,956.213,960.889
moe,Ling 3.0 Tiny,Ling-3.0-tiny-Q8_0,bailingmoe3 7.9B.A1.3B Q8_0,2048,32000,PP4096,922.7113333333333,10.28846059103755,915.974,934.554,917.606
moe,Ling 3.0 Tiny,Ling-3.0-tiny-Q8_0,bailingmoe3 7.9B.A1.3B Q8_0,2048,32000,TG128,87.12353333333334,0.10166161189619924,87.0712,87.0587,87.2407
moe,Ling 3.0 Tiny,Ling-3.0-tiny-Q8_0,bailingmoe3 7.9B.A1.3B Q8_0,2048,64000,PP512,535.3133333333334,9.33431573996365,524.739,542.408,538.793
moe,Ling 3.0 Tiny,Ling-3.0-tiny-Q8_0,bailingmoe3 7.9B.A1.3B Q8_0,2048,64000,PP1024,548.066,3.9973369885462553,544.187,552.172,547.839
moe,Ling 3.0 Tiny,Ling-3.0-tiny-Q8_0,bailingmoe3 7.9B.A1.3B Q8_0,2048,64000,PP2048,525.5586666666667,4.360202441783352,530.368,521.864,524.444
moe,Ling 3.0 Tiny,Ling-3.0-tiny-Q8_0,bailingmoe3 7.9B.A1.3B Q8_0,2048,64000,PP4096,525.4226666666666,7.878989804114074,516.579,531.694,527.995
moe,Ling 3.0 Tiny,Ling-3.0-tiny-Q8_0,bailingmoe3 7.9B.A1.3B Q8_0,2048,64000,TG128,77.6909,0.022481992794233036,77.7161,77.6837,77.6729
moe,Ling 3.0 Tiny,Ling-3.0-tiny-Q8_0,bailingmoe3 7.9B.A1.3B Q8_0,2048,128000,PP512,286.407,2.7780858518051734,283.383,288.846,286.992
moe,Ling 3.0 Tiny,Ling-3.0-tiny-Q8_0,bailingmoe3 7.9B.A1.3B Q8_0,2048,128000,PP1024,294.14366666666666,3.8960162131764053,289.645,296.414,296.372
moe,Ling 3.0 Tiny,Ling-3.0-tiny-Q8_0,bailingmoe3 7.9B.A1.3B Q8_0,2048,128000,PP2048,281.2463333333333,5.672253902403616,286.323,275.124,282.292
moe,Ling 3.0 Tiny,Ling-3.0-tiny-Q8_0,bailingmoe3 7.9B.A1.3B Q8_0,2048,128000,PP4096,283.0403333333333,2.695910297716393,282.314,280.782,286.025
moe,Ling 3.0 Tiny,Ling-3.0-tiny-Q8_0,bailingmoe3 7.9B.A1.3B Q8_0,2048,128000,TG128,65.29796666666667,0.011103753119252604,65.2983,65.3089,65.2867
dense,Qwen3.5 0.8B,Qwen3.5-0.8B-BF16,qwen35 0.8B BF16,512,0,PP512,9347.513333333334,21.19760678315692,9327.36,9369.62,9345.56
dense,Qwen3.5 0.8B,Qwen3.5-0.8B-BF16,qwen35 0.8B BF16,512,0,PP1024,9370.906666666666,56.05103953838251,9358.17,9322.32,9432.23
dense,Qwen3.5 0.8B,Qwen3.5-0.8B-BF16,qwen35 0.8B BF16,512,0,PP2048,9294.523333333333,17.095865972022366,9303.67,9305.1,9274.8
dense,Qwen3.5 0.8B,Qwen3.5-0.8B-BF16,qwen35 0.8B BF16,512,0,PP4096,8970.626666666667,34.959242459374224,8980.87,8931.69,8999.32
dense,Qwen3.5 0.8B,Qwen3.5-0.8B-BF16,qwen35 0.8B BF16,512,0,TG128,107.254,0.00964365076099332,107.25,107.247,107.265
dense,Qwen3.5 0.8B,Qwen3.5-0.8B-BF16,qwen35 0.8B BF16,512,12000,PP512,6240.176666666667,565.0741270252365,5589.02,6529.63,6601.88
dense,Qwen3.5 0.8B,Qwen3.5-0.8B-BF16,qwen35 0.8B BF16,512,12000,PP1024,6631.33,8.43680034136146,6641.07,6626.29,6626.63
dense,Qwen3.5 0.8B,Qwen3.5-0.8B-BF16,qwen35 0.8B BF16,512,12000,PP2048,6554.626666666667,21.543008920142206,6544.09,6540.38,6579.41
dense,Qwen3.5 0.8B,Qwen3.5-0.8B-BF16,qwen35 0.8B BF16,512,12000,PP4096,6344.24,11.998904116626836,6342.51,6333.2,6357.01
dense,Qwen3.5 0.8B,Qwen3.5-0.8B-BF16,qwen35 0.8B BF16,512,12000,TG128,99.51873333333333,0.01964238614154549,99.5366,99.4977,99.5219
dense,Qwen3.5 0.8B,Qwen3.5-0.8B-BF16,qwen35 0.8B BF16,512,32000,PP512,4003.9933333333333,242.25317032669216,3724.48,4153.28,4134.22
dense,Qwen3.5 0.8B,Qwen3.5-0.8B-BF16,qwen35 0.8B BF16,512,32000,PP1024,4145.286666666667,5.1297790725655945,4151.21,4142.31,4142.34
dense,Qwen3.5 0.8B,Qwen3.5-0.8B-BF16,qwen35 0.8B BF16,512,32000,PP2048,4135.196666666667,5.849524197174711,4130.63,4141.79,4133.17
dense,Qwen3.5 0.8B,Qwen3.5-0.8B-BF16,qwen35 0.8B BF16,512,32000,PP4096,4060.883333333333,2.2941955743425306,4062.45,4061.95,4058.25
dense,Qwen3.5 0.8B,Qwen3.5-0.8B-BF16,qwen35 0.8B BF16,512,32000,TG128,90.52076666666666,0.030354955663509858,90.5549,90.5106,90.4968
dense,Qwen3.5 0.8B,Qwen3.5-0.8B-BF16,qwen35 0.8B BF16,512,64000,PP512,2593.33,101.56000541551776,2476.06,2652.46,2651.47
dense,Qwen3.5 0.8B,Qwen3.5-0.8B-BF16,qwen35 0.8B BF16,512,64000,PP1024,2656.5233333333335,1.63979673537088,2658.29,2656.23,2655.05
dense,Qwen3.5 0.8B,Qwen3.5-0.8B-BF16,qwen35 0.8B BF16,512,64000,PP2048,2639.826666666667,0.5607435539828151,2639.25,2639.86,2640.37
dense,Qwen3.5 0.8B,Qwen3.5-0.8B-BF16,qwen35 0.8B BF16,512,64000,PP4096,2610.5633333333335,1.0121429411565095,2610.13,2609.84,2611.72
dense,Qwen3.5 0.8B,Qwen3.5-0.8B-BF16,qwen35 0.8B BF16,512,64000,TG128,77.4141,0.007542545989253316,77.4054,77.4188,77.4181
dense,Qwen3.5 0.8B,Qwen3.5-0.8B-BF16,qwen35 0.8B BF16,512,128000,PP512,1539.45,36.58309992332526,1497.21,1560.17,1560.97
dense,Qwen3.5 0.8B,Qwen3.5-0.8B-BF16,qwen35 0.8B BF16,512,128000,PP1024,1543.1366666666668,0.2768272626265833,1542.88,1543.43,1543.1
dense,Qwen3.5 0.8B,Qwen3.5-0.8B-BF16,qwen35 0.8B BF16,512,128000,PP2048,1546.5133333333333,0.15502687938986615,1546.67,1546.36,1546.51
dense,Qwen3.5 0.8B,Qwen3.5-0.8B-BF16,qwen35 0.8B BF16,512,128000,PP4096,1536.1033333333332,0.5450076452062907,1536.49,1536.34,1535.48
dense,Qwen3.5 0.8B,Qwen3.5-0.8B-BF16,qwen35 0.8B BF16,512,128000,TG128,61.3998,0.014936197641967701,61.401,61.3843,61.4141
dense,Qwen3.5 0.8B,Qwen3.5-0.8B-IQ4_NL,qwen35 0.8B IQ4_NL - 4.5 bpw,512,0,PP512,10395.366666666667,119.36872845654851,10257.7,10458.3,10470.1
dense,Qwen3.5 0.8B,Qwen3.5-0.8B-IQ4_NL,qwen35 0.8B IQ4_NL - 4.5 bpw,512,0,PP1024,10237.233333333334,10.99515044614331,10225.5,10238.9,10247.3
dense,Qwen3.5 0.8B,Qwen3.5-0.8B-IQ4_NL,qwen35 0.8B IQ4_NL - 4.5 bpw,512,0,PP2048,10127.866666666667,30.778618119293462,10149.9,10141,10092.7
dense,Qwen3.5 0.8B,Qwen3.5-0.8B-IQ4_NL,qwen35 0.8B IQ4_NL - 4.5 bpw,512,0,PP4096,9779.83,12.386056676763443,9793.35,9777.11,9769.03
dense,Qwen3.5 0.8B,Qwen3.5-0.8B-IQ4_NL,qwen35 0.8B IQ4_NL - 4.5 bpw,512,0,TG128,225.36533333333333,0.15396211655253003,225.543,225.271,225.282
dense,Qwen3.5 0.8B,Qwen3.5-0.8B-IQ4_NL,qwen35 0.8B IQ4_NL - 4.5 bpw,512,12000,PP512,6779.13,448.790676819383,6261.33,7019.99,7056.07
dense,Qwen3.5 0.8B,Qwen3.5-0.8B-IQ4_NL,qwen35 0.8B IQ4_NL - 4.5 bpw,512,12000,PP1024,7005.236666666667,13.47102940882163,7016.09,6990.16,7009.46
dense,Qwen3.5 0.8B,Qwen3.5-0.8B-IQ4_NL,qwen35 0.8B IQ4_NL - 4.5 bpw,512,12000,PP2048,6896.613333333333,14.682010534437497,6887.19,6889.12,6913.53
dense,Qwen3.5 0.8B,Qwen3.5-0.8B-IQ4_NL,qwen35 0.8B IQ4_NL - 4.5 bpw,512,12000,PP4096,6691.276666666667,11.417199014352384,6701.12,6693.95,6678.76
dense,Qwen3.5 0.8B,Qwen3.5-0.8B-IQ4_NL,qwen35 0.8B IQ4_NL - 4.5 bpw,512,12000,TG128,192.341,0.09690717207720316,192.36,192.427,192.236
dense,Qwen3.5 0.8B,Qwen3.5-0.8B-IQ4_NL,qwen35 0.8B IQ4_NL - 4.5 bpw,512,32000,PP512,4220.92,187.79691717384486,4004.08,4327.61,4331.07
dense,Qwen3.5 0.8B,Qwen3.5-0.8B-IQ4_NL,qwen35 0.8B IQ4_NL - 4.5 bpw,512,32000,PP1024,4315.09,0.9868637190616808,4315.16,4314.07,4316.04
dense,Qwen3.5 0.8B,Qwen3.5-0.8B-IQ4_NL,qwen35 0.8B IQ4_NL - 4.5 bpw,512,32000,PP2048,4283.816666666667,5.135740777466713,4286,4277.95,4287.5
dense,Qwen3.5 0.8B,Qwen3.5-0.8B-IQ4_NL,qwen35 0.8B IQ4_NL - 4.5 bpw,512,32000,PP4096,4214.706666666667,0.10016652800914859,4214.61,4214.81,4214.7
dense,Qwen3.5 0.8B,Qwen3.5-0.8B-IQ4_NL,qwen35 0.8B IQ4_NL - 4.5 bpw,512,32000,TG128,161.05766666666668,0.014294521094924718,161.07,161.042,161.061
dense,Qwen3.5 0.8B,Qwen3.5-0.8B-IQ4_NL,qwen35 0.8B IQ4_NL - 4.5 bpw,512,64000,PP512,2687.9700000000003,68.85869298788633,2608.51,2730.17,2725.23
dense,Qwen3.5 0.8B,Qwen3.5-0.8B-IQ4_NL,qwen35 0.8B IQ4_NL - 4.5 bpw,512,64000,PP1024,2729.2366666666667,2.1594520910020933,2731.1,2729.74,2726.87
dense,Qwen3.5 0.8B,Qwen3.5-0.8B-IQ4_NL,qwen35 0.8B IQ4_NL - 4.5 bpw,512,64000,PP2048,2709.0133333333333,2.006148881148518,2711.15,2707.17,2708.72
dense,Qwen3.5 0.8B,Qwen3.5-0.8B-IQ4_NL,qwen35 0.8B IQ4_NL - 4.5 bpw,512,64000,PP4096,2679.576666666667,0.5186842327787967,2678.98,2679.92,2679.83
dense,Qwen3.5 0.8B,Qwen3.5-0.8B-IQ4_NL,qwen35 0.8B IQ4_NL - 4.5 bpw,512,64000,TG128,124.989,0.0792653770570768,125.026,125.043,124.898
dense,Qwen3.5 0.8B,Qwen3.5-0.8B-IQ4_NL,qwen35 0.8B IQ4_NL - 4.5 bpw,512,128000,PP512,1569.4233333333334,27.31896471928122,1537.89,1584.44,1585.94
dense,Qwen3.5 0.8B,Qwen3.5-0.8B-IQ4_NL,qwen35 0.8B IQ4_NL - 4.5 bpw,512,128000,PP1024,1566.67,1.6912421470624044,1568.21,1566.94,1564.86
dense,Qwen3.5 0.8B,Qwen3.5-0.8B-IQ4_NL,qwen35 0.8B IQ4_NL - 4.5 bpw,512,128000,PP2048,1567.53,2.3549734605722974,1570.23,1566.46,1565.9
dense,Qwen3.5 0.8B,Qwen3.5-0.8B-IQ4_NL,qwen35 0.8B IQ4_NL - 4.5 bpw,512,128000,PP4096,1556.21,0.8825531145489345,1556.54,1556.88,1555.21
dense,Qwen3.5 0.8B,Qwen3.5-0.8B-IQ4_NL,qwen35 0.8B IQ4_NL - 4.5 bpw,512,128000,TG128,87.88503333333334,0.03180414019170188,87.851,87.8901,87.914
dense,Qwen3.5 0.8B,Qwen3.5-0.8B-IQ4_XS,qwen35 0.8B IQ4_XS - 4.25 bpw,512,0,PP512,10538.2,100.0559343567392,10478,10653.7,10482.9
dense,Qwen3.5 0.8B,Qwen3.5-0.8B-IQ4_XS,qwen35 0.8B IQ4_XS - 4.25 bpw,512,0,PP1024,10354.533333333333,27.734695479368856,10372.6,10322.6,10368.4
dense,Qwen3.5 0.8B,Qwen3.5-0.8B-IQ4_XS,qwen35 0.8B IQ4_XS - 4.25 bpw,512,0,PP2048,10281.133333333333,23.13208450039317,10307.4,10272.2,10263.8
dense,Qwen3.5 0.8B,Qwen3.5-0.8B-IQ4_XS,qwen35 0.8B IQ4_XS - 4.25 bpw,512,0,PP4096,9937.453333333333,11.720854633231065,9924.01,9945.53,9942.82
dense,Qwen3.5 0.8B,Qwen3.5-0.8B-IQ4_XS,qwen35 0.8B IQ4_XS - 4.25 bpw,512,0,TG128,229.662,0.11775822688881797,229.784,229.653,229.549
dense,Qwen3.5 0.8B,Qwen3.5-0.8B-IQ4_XS,qwen35 0.8B IQ4_XS - 4.25 bpw,512,12000,PP512,6866.75,483.58288307176457,6308.67,7161.99,7129.59
dense,Qwen3.5 0.8B,Qwen3.5-0.8B-IQ4_XS,qwen35 0.8B IQ4_XS - 4.25 bpw,512,12000,PP1024,7070.696666666667,15.73957538605548,7078.75,7052.56,7080.78
dense,Qwen3.5 0.8B,Qwen3.5-0.8B-IQ4_XS,qwen35 0.8B IQ4_XS - 4.25 bpw,512,12000,PP2048,6967.696666666667,3.938557265463204,6967.2,6964.03,6971.86
dense,Qwen3.5 0.8B,Qwen3.5-0.8B-IQ4_XS,qwen35 0.8B IQ4_XS - 4.25 bpw,512,12000,PP4096,6754.46,3.4337151891211177,6751.58,6753.54,6758.26
dense,Qwen3.5 0.8B,Qwen3.5-0.8B-IQ4_XS,qwen35 0.8B IQ4_XS - 4.25 bpw,512,12000,TG128,195.4286666666667,0.22661494507938798,195.651,195.437,195.198
dense,Qwen3.5 0.8B,Qwen3.5-0.8B-IQ4_XS,qwen35 0.8B IQ4_XS - 4.25 bpw,512,32000,PP512,4253.320000000001,176.06366433764816,4050.05,4358.02,4351.89
dense,Qwen3.5 0.8B,Qwen3.5-0.8B-IQ4_XS,qwen35 0.8B IQ4_XS - 4.25 bpw,512,32000,PP1024,4344.796666666667,5.089531740085296,4350.43,4340.53,4343.43
dense,Qwen3.5 0.8B,Qwen3.5-0.8B-IQ4_XS,qwen35 0.8B IQ4_XS - 4.25 bpw,512,32000,PP2048,4315.056666666666,8.141881436948676,4306.56,4315.82,4322.79
dense,Qwen3.5 0.8B,Qwen3.5-0.8B-IQ4_XS,qwen35 0.8B IQ4_XS - 4.25 bpw,512,32000,PP4096,4240.786666666667,8.93192215222084,4242.45,4248.77,4231.14
dense,Qwen3.5 0.8B,Qwen3.5-0.8B-IQ4_XS,qwen35 0.8B IQ4_XS - 4.25 bpw,512,32000,TG128,162.98666666666668,0.06694276162016613,163.062,162.934,162.964
dense,Qwen3.5 0.8B,Qwen3.5-0.8B-IQ4_XS,qwen35 0.8B IQ4_XS - 4.25 bpw,512,64000,PP512,2695.2533333333336,72.00466744130799,2612.14,2738.76,2734.86
dense,Qwen3.5 0.8B,Qwen3.5-0.8B-IQ4_XS,qwen35 0.8B IQ4_XS - 4.25 bpw,512,64000,PP1024,2737.5533333333333,3.3592608313932195,2735.5,2741.43,2735.73
dense,Qwen3.5 0.8B,Qwen3.5-0.8B-IQ4_XS,qwen35 0.8B IQ4_XS - 4.25 bpw,512,64000,PP2048,2678.436666666667,4.881007409678156,2672.82,2680.84,2681.65
dense,Qwen3.5 0.8B,Qwen3.5-0.8B-IQ4_XS,qwen35 0.8B IQ4_XS - 4.25 bpw,512,64000,PP4096,2637.2766666666666,1.2438783434618725,2636.48,2636.64,2638.71
dense,Qwen3.5 0.8B,Qwen3.5-0.8B-IQ4_XS,qwen35 0.8B IQ4_XS - 4.25 bpw,512,64000,TG128,126.096,0.015716233645503966,126.113,126.082,126.093
dense,Qwen3.5 0.8B,Qwen3.5-0.8B-IQ4_XS,qwen35 0.8B IQ4_XS - 4.25 bpw,512,128000,PP512,1574.5966666666666,22.94843422400172,1548.1,1588.12,1587.57
dense,Qwen3.5 0.8B,Qwen3.5-0.8B-IQ4_XS,qwen35 0.8B IQ4_XS - 4.25 bpw,512,128000,PP1024,1570.2066666666667,1.2387224601714477,1571.6,1569.79,1569.23
dense,Qwen3.5 0.8B,Qwen3.5-0.8B-IQ4_XS,qwen35 0.8B IQ4_XS - 4.25 bpw,512,128000,PP2048,1570.7933333333333,0.6408067831517669,1571.5,1570.63,1570.25
dense,Qwen3.5 0.8B,Qwen3.5-0.8B-IQ4_XS,qwen35 0.8B IQ4_XS - 4.25 bpw,512,128000,PP4096,1560.9233333333334,0.3429771615331727,1560.53,1561.16,1561.08
dense,Qwen3.5 0.8B,Qwen3.5-0.8B-IQ4_XS,qwen35 0.8B IQ4_XS - 4.25 bpw,512,128000,TG128,88.38453333333334,0.01688381868338139,88.3813,88.3695,88.4028
dense,Qwen3.5 0.8B,Qwen3.5-0.8B-Q3_K_M,qwen35 0.8B Q3_K - Medium,512,0,PP512,10024.493333333334,109.16675516535867,9958.47,10150.5,9964.51
dense,Qwen3.5 0.8B,Qwen3.5-0.8B-Q3_K_M,qwen35 0.8B Q3_K - Medium,512,0,PP1024,9982.796666666667,61.43039177258554,10009.8,10026.1,9912.49
dense,Qwen3.5 0.8B,Qwen3.5-0.8B-Q3_K_M,qwen35 0.8B Q3_K - Medium,512,0,PP2048,9802.116666666667,16.97424617864834,9790.13,9821.54,9794.68
dense,Qwen3.5 0.8B,Qwen3.5-0.8B-Q3_K_M,qwen35 0.8B Q3_K - Medium,512,0,PP4096,9486.796666666667,31.03532557157065,9519.04,9457.13,9484.22
dense,Qwen3.5 0.8B,Qwen3.5-0.8B-Q3_K_M,qwen35 0.8B Q3_K - Medium,512,0,TG128,223.218,0.19153850787765866,223.42,223.195,223.039
dense,Qwen3.5 0.8B,Qwen3.5-0.8B-Q3_K_M,qwen35 0.8B Q3_K - Medium,512,12000,PP512,6625.326666666667,426.0554580489886,6133.86,6890.26,6851.86
dense,Qwen3.5 0.8B,Qwen3.5-0.8B-Q3_K_M,qwen35 0.8B Q3_K - Medium,512,12000,PP1024,6877.346666666666,6.961122993693678,6885.03,6875.55,6871.46
dense,Qwen3.5 0.8B,Qwen3.5-0.8B-Q3_K_M,qwen35 0.8B Q3_K - Medium,512,12000,PP2048,6747.336666666666,6.442843575109908,6752.7,6749.12,6740.19
dense,Qwen3.5 0.8B,Qwen3.5-0.8B-Q3_K_M,qwen35 0.8B Q3_K - Medium,512,12000,PP4096,6531.066666666667,30.692680452077052,6540.99,6555.57,6496.64
dense,Qwen3.5 0.8B,Qwen3.5-0.8B-Q3_K_M,qwen35 0.8B Q3_K - Medium,512,12000,TG128,190.77233333333334,0.012220201853218104,190.775,190.759,190.783
dense,Qwen3.5 0.8B,Qwen3.5-0.8B-Q3_K_M,qwen35 0.8B Q3_K - Medium,512,32000,PP512,4178.85,174.8395444400377,3977.07,4274.04,4285.44
dense,Qwen3.5 0.8B,Qwen3.5-0.8B-Q3_K_M,qwen35 0.8B Q3_K - Medium,512,32000,PP1024,4249.13,5.747903965794668,4244.13,4247.85,4255.41
dense,Qwen3.5 0.8B,Qwen3.5-0.8B-Q3_K_M,qwen35 0.8B Q3_K - Medium,512,32000,PP2048,4148.293333333333,48.64641953251363,4198.12,4145.84,4100.92
dense,Qwen3.5 0.8B,Qwen3.5-0.8B-Q3_K_M,qwen35 0.8B Q3_K - Medium,512,32000,PP4096,4042.6633333333334,5.929437859808729,4045.25,4035.88,4046.86
dense,Qwen3.5 0.8B,Qwen3.5-0.8B-Q3_K_M,qwen35 0.8B Q3_K - Medium,512,32000,TG128,158.903,0.13077079184588355,159.048,158.794,158.867
dense,Qwen3.5 0.8B,Qwen3.5-0.8B-Q3_K_M,qwen35 0.8B Q3_K - Medium,512,64000,PP512,2664.576666666667,73.56802724916116,2579.63,2706.5,2707.6
dense,Qwen3.5 0.8B,Qwen3.5-0.8B-Q3_K_M,qwen35 0.8B Q3_K - Medium,512,64000,PP1024,2700.0733333333333,3.7712774139982335,2696.36,2703.9,2699.96
dense,Qwen3.5 0.8B,Qwen3.5-0.8B-Q3_K_M,qwen35 0.8B Q3_K - Medium,512,64000,PP2048,2643.6266666666666,1.8808065645709564,2642.96,2645.75,2642.17
dense,Qwen3.5 0.8B,Qwen3.5-0.8B-Q3_K_M,qwen35 0.8B Q3_K - Medium,512,64000,PP4096,2605.2966666666666,0.7756502648316884,2606.09,2605.26,2604.54
dense,Qwen3.5 0.8B,Qwen3.5-0.8B-Q3_K_M,qwen35 0.8B Q3_K - Medium,512,64000,TG128,123.78366666666666,0.027061657993054683,123.814,123.762,123.775
dense,Qwen3.5 0.8B,Qwen3.5-0.8B-Q3_K_M,qwen35 0.8B Q3_K - Medium,512,128000,PP512,1561.79,22.077209968653207,1536.55,1577.51,1571.31
dense,Qwen3.5 0.8B,Qwen3.5-0.8B-Q3_K_M,qwen35 0.8B Q3_K - Medium,512,128000,PP1024,1558.9566666666667,1.8387314467679872,1560.89,1558.75,1557.23
dense,Qwen3.5 0.8B,Qwen3.5-0.8B-Q3_K_M,qwen35 0.8B Q3_K - Medium,512,128000,PP2048,1559.1,0.7754353615872637,1559.86,1558.31,1559.13
dense,Qwen3.5 0.8B,Qwen3.5-0.8B-Q3_K_M,qwen35 0.8B Q3_K - Medium,512,128000,PP4096,1550.01,0.3579106033635308,1550.17,1549.6,1550.26
dense,Qwen3.5 0.8B,Qwen3.5-0.8B-Q3_K_M,qwen35 0.8B Q3_K - Medium,512,128000,TG128,87.0674,0.03113406494501037,87.0343,87.0961,87.0718
dense,Qwen3.5 0.8B,Qwen3.5-0.8B-Q3_K_S,qwen35 0.8B Q3_K - Small,512,0,PP512,9830.88,103.48311311513571,9794.05,9947.74,9750.85
dense,Qwen3.5 0.8B,Qwen3.5-0.8B-Q3_K_S,qwen35 0.8B Q3_K - Small,512,0,PP1024,9785.24,59.4906076620506,9724.26,9788.34,9843.12
dense,Qwen3.5 0.8B,Qwen3.5-0.8B-Q3_K_S,qwen35 0.8B Q3_K - Small,512,0,PP2048,9598.84,21.737854079922556,9610.75,9612.02,9573.75
dense,Qwen3.5 0.8B,Qwen3.5-0.8B-Q3_K_S,qwen35 0.8B Q3_K - Small,512,0,PP4096,9285.396666666667,9.138218280022036,9274.94,9289.4,9291.85
dense,Qwen3.5 0.8B,Qwen3.5-0.8B-Q3_K_S,qwen35 0.8B Q3_K - Small,512,0,TG128,231.72866666666667,0.3655192653381308,232.147,231.568,231.471
dense,Qwen3.5 0.8B,Qwen3.5-0.8B-Q3_K_S,qwen35 0.8B Q3_K - Small,512,12000,PP512,6591.606666666667,466.58929631243507,6055.33,6904.59,6814.9
dense,Qwen3.5 0.8B,Qwen3.5-0.8B-Q3_K_S,qwen35 0.8B Q3_K - Small,512,12000,PP1024,6747.423333333333,1.7229141979025286,6745.44,6748.28,6748.55
dense,Qwen3.5 0.8B,Qwen3.5-0.8B-Q3_K_S,qwen35 0.8B Q3_K - Small,512,12000,PP2048,6653.276666666667,12.909308011405388,6667.81,6648.88,6643.14
dense,Qwen3.5 0.8B,Qwen3.5-0.8B-Q3_K_S,qwen35 0.8B Q3_K - Small,512,12000,PP4096,6375.7266666666665,22.688786510814918,6400.87,6369.53,6356.78
dense,Qwen3.5 0.8B,Qwen3.5-0.8B-Q3_K_S,qwen35 0.8B Q3_K - Small,512,12000,TG128,197.00266666666667,0.042217689815196933,196.973,197.051,196.984
dense,Qwen3.5 0.8B,Qwen3.5-0.8B-Q3_K_S,qwen35 0.8B Q3_K - Small,512,32000,PP512,4146.716666666666,175.4607506918095,3944.12,4249.57,4246.46
dense,Qwen3.5 0.8B,Qwen3.5-0.8B-Q3_K_S,qwen35 0.8B Q3_K - Small,512,32000,PP1024,4203.7733333333335,13.012595180567898,4215.51,4206.03,4189.78
dense,Qwen3.5 0.8B,Qwen3.5-0.8B-Q3_K_S,qwen35 0.8B Q3_K - Small,512,32000,PP2048,4095.6633333333334,8.714357884166349,4101.92,4085.71,4099.36
dense,Qwen3.5 0.8B,Qwen3.5-0.8B-Q3_K_S,qwen35 0.8B Q3_K - Small,512,32000,PP4096,3997.8933333333334,2.155048336658271,4000.28,3997.31,3996.09
dense,Qwen3.5 0.8B,Qwen3.5-0.8B-Q3_K_S,qwen35 0.8B Q3_K - Small,512,32000,TG128,162.93833333333333,0.06967304595991165,163.005,162.866,162.944
dense,Qwen3.5 0.8B,Qwen3.5-0.8B-Q3_K_S,qwen35 0.8B Q3_K - Small,512,64000,PP512,2638.94,100.14417157278798,2523.33,2698.89,2694.6
dense,Qwen3.5 0.8B,Qwen3.5-0.8B-Q3_K_S,qwen35 0.8B Q3_K - Small,512,64000,PP1024,2685.5,1.186212459890775,2685.36,2684.39,2686.75
dense,Qwen3.5 0.8B,Qwen3.5-0.8B-Q3_K_S,qwen35 0.8B Q3_K - Small,512,64000,PP2048,2623.0866666666666,1.5378339745673144,2622.12,2622.28,2624.86
dense,Qwen3.5 0.8B,Qwen3.5-0.8B-Q3_K_S,qwen35 0.8B Q3_K - Small,512,64000,PP4096,2584.8966666666665,2.777954883242851,2581.86,2585.52,2587.31
dense,Qwen3.5 0.8B,Qwen3.5-0.8B-Q3_K_S,qwen35 0.8B Q3_K - Small,512,64000,TG128,126.11533333333333,0.11054561652699431,126.219,126.128,125.999
dense,Qwen3.5 0.8B,Qwen3.5-0.8B-Q3_K_S,qwen35 0.8B Q3_K - Small,512,128000,PP512,1559.8366666666666,23.666610093829103,1532.51,1573.28,1573.72
dense,Qwen3.5 0.8B,Qwen3.5-0.8B-Q3_K_S,qwen35 0.8B Q3_K - Small,512,128000,PP1024,1556.0533333333333,0.8041351461871532,1555.35,1555.88,1556.93
dense,Qwen3.5 0.8B,Qwen3.5-0.8B-Q3_K_S,qwen35 0.8B Q3_K - Small,512,128000,PP2048,1554.6,1.112160060422894,1554.23,1553.72,1555.85
dense,Qwen3.5 0.8B,Qwen3.5-0.8B-Q3_K_S,qwen35 0.8B Q3_K - Small,512,128000,PP4096,1544.2433333333333,0.4888080741286249,1544.67,1543.71,1544.35
dense,Qwen3.5 0.8B,Qwen3.5-0.8B-Q3_K_S,qwen35 0.8B Q3_K - Small,512,128000,TG128,88.25526666666667,0.008213606597182774,88.2458,88.2595,88.2605
dense,Qwen3.5 0.8B,Qwen3.5-0.8B-Q4_0,qwen35 0.8B Q4_0,512,0,PP512,10225.033333333333,102.85238613339645,10175.3,10343.3,10156.5
dense,Qwen3.5 0.8B,Qwen3.5-0.8B-Q4_0,qwen35 0.8B Q4_0,512,0,PP1024,10174.933333333332,83.84332611086764,10244.9,10082,10197.9
dense,Qwen3.5 0.8B,Qwen3.5-0.8B-Q4_0,qwen35 0.8B Q4_0,512,0,PP2048,10007.88,37.35357948041886,9993.43,10050.3,9979.91
dense,Qwen3.5 0.8B,Qwen3.5-0.8B-Q4_0,qwen35 0.8B Q4_0,512,0,PP4096,9650.786666666667,27.835143853289726,9675.42,9656.35,9620.59
dense,Qwen3.5 0.8B,Qwen3.5-0.8B-Q4_0,qwen35 0.8B Q4_0,512,0,TG128,226.32166666666666,0.11684319977360189,226.332,226.433,226.2
dense,Qwen3.5 0.8B,Qwen3.5-0.8B-Q4_0,qwen35 0.8B Q4_0,512,12000,PP512,6735.196666666667,447.235104875873,6218.85,6985.7,7001.04
dense,Qwen3.5 0.8B,Qwen3.5-0.8B-Q4_0,qwen35 0.8B Q4_0,512,12000,PP1024,6949.786666666667,18.09057857928637,6952.85,6930.36,6966.15
dense,Qwen3.5 0.8B,Qwen3.5-0.8B-Q4_0,qwen35 0.8B Q4_0,512,12000,PP2048,6844.636666666666,11.173702758411608,6832.28,6854.03,6847.6
dense,Qwen3.5 0.8B,Qwen3.5-0.8B-Q4_0,qwen35 0.8B Q4_0,512,12000,PP4096,6629.41,23.300341199218266,6646.36,6639.03,6602.84
dense,Qwen3.5 0.8B,Qwen3.5-0.8B-Q4_0,qwen35 0.8B Q4_0,512,12000,TG128,193.10066666666665,0.04259499188089145,193.135,193.114,193.053
dense,Qwen3.5 0.8B,Qwen3.5-0.8B-Q4_0,qwen35 0.8B Q4_0,512,32000,PP512,4215.66,173.4231172594932,4015.42,4313.9,4317.66
dense,Qwen3.5 0.8B,Qwen3.5-0.8B-Q4_0,qwen35 0.8B Q4_0,512,32000,PP1024,4292.053333333333,2.542446328505932,4289.25,4292.7,4294.21
dense,Qwen3.5 0.8B,Qwen3.5-0.8B-Q4_0,qwen35 0.8B Q4_0,512,32000,PP2048,4226.733333333334,22.660850234122435,4249.28,4226.96,4203.96
dense,Qwen3.5 0.8B,Qwen3.5-0.8B-Q4_0,qwen35 0.8B Q4_0,512,32000,PP4096,4091.4233333333336,8.669632825750783,4101.43,4086.67,4086.17
dense,Qwen3.5 0.8B,Qwen3.5-0.8B-Q4_0,qwen35 0.8B Q4_0,512,32000,TG128,161.58700000000002,0.04371498598878817,161.601,161.538,161.622
dense,Qwen3.5 0.8B,Qwen3.5-0.8B-Q4_0,qwen35 0.8B Q4_0,512,64000,PP512,2677.4633333333336,75.52371834949169,2590.5,2726.59,2715.3
dense,Qwen3.5 0.8B,Qwen3.5-0.8B-Q4_0,qwen35 0.8B Q4_0,512,64000,PP1024,2711.3033333333333,1.6252486989174943,2710.37,2710.36,2713.18
dense,Qwen3.5 0.8B,Qwen3.5-0.8B-Q4_0,qwen35 0.8B Q4_0,512,64000,PP2048,2658.8933333333334,2.5842858459026963,2656.48,2658.58,2661.62
dense,Qwen3.5 0.8B,Qwen3.5-0.8B-Q4_0,qwen35 0.8B Q4_0,512,64000,PP4096,2615.8166666666666,3.265475973473607,2615.45,2619.25,2612.75
dense,Qwen3.5 0.8B,Qwen3.5-0.8B-Q4_0,qwen35 0.8B Q4_0,512,64000,TG128,125.328,0.07794870107961913,125.238,125.372,125.374
dense,Qwen3.5 0.8B,Qwen3.5-0.8B-Q4_0,qwen35 0.8B Q4_0,512,128000,PP512,1566.73,24.7803531048288,1538.18,1579.35,1582.66
dense,Qwen3.5 0.8B,Qwen3.5-0.8B-Q4_0,qwen35 0.8B Q4_0,512,128000,PP1024,1564.0566666666666,0.7003094554076882,1564.25,1564.64,1563.28
dense,Qwen3.5 0.8B,Qwen3.5-0.8B-Q4_0,qwen35 0.8B Q4_0,512,128000,PP2048,1563.96,0.7903796556086299,1564.23,1564.58,1563.07
dense,Qwen3.5 0.8B,Qwen3.5-0.8B-Q4_0,qwen35 0.8B Q4_0,512,128000,PP4096,1553.6866666666667,0.15176736583772715,1553.85,1553.66,1553.55
dense,Qwen3.5 0.8B,Qwen3.5-0.8B-Q4_0,qwen35 0.8B Q4_0,512,128000,TG128,88.0444,0.033041337745318575,88.0793,88.0403,88.0136
dense,Qwen3.5 0.8B,Qwen3.5-0.8B-Q4_1,qwen35 0.8B Q4_1,512,0,PP512,9994.613333333333,98.527267968483,9880.94,10055.5,10047.4
dense,Qwen3.5 0.8B,Qwen3.5-0.8B-Q4_1,qwen35 0.8B Q4_1,512,0,PP1024,9761.289999999999,6.265867856889278,9767.24,9754.75,9761.88
dense,Qwen3.5 0.8B,Qwen3.5-0.8B-Q4_1,qwen35 0.8B Q4_1,512,0,PP2048,9712.556666666667,26.771098844338386,9721.37,9682.49,9733.81
dense,Qwen3.5 0.8B,Qwen3.5-0.8B-Q4_1,qwen35 0.8B Q4_1,512,0,PP4096,9427.166666666666,5.4546891142695335,9431.64,9421.09,9428.77
dense,Qwen3.5 0.8B,Qwen3.5-0.8B-Q4_1,qwen35 0.8B Q4_1,512,0,TG128,221.12433333333334,0.08707659463559957,221.086,221.224,221.063
dense,Qwen3.5 0.8B,Qwen3.5-0.8B-Q4_1,qwen35 0.8B Q4_1,512,12000,PP512,6615.166666666667,436.3894390717232,6111.34,6874.48,6859.68
dense,Qwen3.5 0.8B,Qwen3.5-0.8B-Q4_1,qwen35 0.8B Q4_1,512,12000,PP1024,6792.72,7.333846194187837,6784.53,6798.68,6794.95
dense,Qwen3.5 0.8B,Qwen3.5-0.8B-Q4_1,qwen35 0.8B Q4_1,512,12000,PP2048,6716.003333333333,10.280551217387892,6704.15,6722.49,6721.37
dense,Qwen3.5 0.8B,Qwen3.5-0.8B-Q4_1,qwen35 0.8B Q4_1,512,12000,PP4096,6518.389999999999,5.644173987396157,6523.48,6512.32,6519.37
dense,Qwen3.5 0.8B,Qwen3.5-0.8B-Q4_1,qwen35 0.8B Q4_1,512,12000,TG128,188.92766666666665,0.24228151669770037,188.998,189.127,188.658
dense,Qwen3.5 0.8B,Qwen3.5-0.8B-Q4_1,qwen35 0.8B Q4_1,512,32000,PP512,4152.633333333333,183.0472978039647,3941.27,4257.63,4259
dense,Qwen3.5 0.8B,Qwen3.5-0.8B-Q4_1,qwen35 0.8B Q4_1,512,32000,PP1024,4235.633333333333,1.683607238441778,4235.88,4237.18,4233.84
dense,Qwen3.5 0.8B,Qwen3.5-0.8B-Q4_1,qwen35 0.8B Q4_1,512,32000,PP2048,4207.94,1.3350280895920914,4209.48,4207.23,4207.11
dense,Qwen3.5 0.8B,Qwen3.5-0.8B-Q4_1,qwen35 0.8B Q4_1,512,32000,PP4096,4099.59,30.619211289646298,4121.64,4112.5,4064.63
dense,Qwen3.5 0.8B,Qwen3.5-0.8B-Q4_1,qwen35 0.8B Q4_1,512,32000,TG128,158.88533333333334,0.049338963642675315,158.941,158.847,158.868
dense,Qwen3.5 0.8B,Qwen3.5-0.8B-Q4_1,qwen35 0.8B Q4_1,512,64000,PP512,2653.1766666666667,72.49955953889202,2569.47,2693.99,2696.07
dense,Qwen3.5 0.8B,Qwen3.5-0.8B-Q4_1,qwen35 0.8B Q4_1,512,64000,PP1024,2687.22,3.636248066345236,2684.71,2691.39,2685.56
dense,Qwen3.5 0.8B,Qwen3.5-0.8B-Q4_1,qwen35 0.8B Q4_1,512,64000,PP2048,2647.87,9.105454409308564,2657.43,2646.88,2639.3
dense,Qwen3.5 0.8B,Qwen3.5-0.8B-Q4_1,qwen35 0.8B Q4_1,512,64000,PP4096,2599.8766666666666,0.4801388688006477,2600.43,2599.57,2599.63
dense,Qwen3.5 0.8B,Qwen3.5-0.8B-Q4_1,qwen35 0.8B Q4_1,512,64000,TG128,123.71433333333333,0.027024680078280322,123.742,123.713,123.688
dense,Qwen3.5 0.8B,Qwen3.5-0.8B-Q4_1,qwen35 0.8B Q4_1,512,128000,PP512,1559.8233333333333,21.610222889487627,1534.87,1572.29,1572.31
dense,Qwen3.5 0.8B,Qwen3.5-0.8B-Q4_1,qwen35 0.8B Q4_1,512,128000,PP1024,1555.9766666666667,0.856173658397288,1555.34,1555.64,1556.95
dense,Qwen3.5 0.8B,Qwen3.5-0.8B-Q4_1,qwen35 0.8B Q4_1,512,128000,PP2048,1557.2633333333333,0.8980163324424628,1557.63,1556.24,1557.92
dense,Qwen3.5 0.8B,Qwen3.5-0.8B-Q4_1,qwen35 0.8B Q4_1,512,128000,PP4096,1546.92,0.6298412498399888,1547.5,1546.25,1547.01
dense,Qwen3.5 0.8B,Qwen3.5-0.8B-Q4_1,qwen35 0.8B Q4_1,512,128000,TG128,87.21036666666666,0.018881031045292603,87.2233,87.2191,87.1887
dense,Qwen3.5 0.8B,Qwen3.5-0.8B-Q4_K_M,qwen35 0.8B Q4_K - Medium,512,0,PP512,10040.233333333334,12.889659938623,10052.5,10026.8,10041.4
dense,Qwen3.5 0.8B,Qwen3.5-0.8B-Q4_K_M,qwen35 0.8B Q4_K - Medium,512,0,PP1024,9975.1,35.598049103848695,9953.99,9955.11,10016.2
dense,Qwen3.5 0.8B,Qwen3.5-0.8B-Q4_K_M,qwen35 0.8B Q4_K - Medium,512,0,PP2048,9883.533333333333,30.06139440101377,9903.41,9898.24,9848.95
dense,Qwen3.5 0.8B,Qwen3.5-0.8B-Q4_K_M,qwen35 0.8B Q4_K - Medium,512,0,PP4096,9571.343333333332,15.691731368249963,9589.46,9562.55,9562.02
dense,Qwen3.5 0.8B,Qwen3.5-0.8B-Q4_K_M,qwen35 0.8B Q4_K - Medium,512,0,TG128,212.832,0.037999999999992214,212.8,212.874,212.822
dense,Qwen3.5 0.8B,Qwen3.5-0.8B-Q4_K_M,qwen35 0.8B Q4_K - Medium,512,12000,PP512,6694.866666666667,506.9035057418063,6109.58,6981.96,6993.06
dense,Qwen3.5 0.8B,Qwen3.5-0.8B-Q4_K_M,qwen35 0.8B Q4_K - Medium,512,12000,PP1024,6928.54,4.243948633053839,6933.44,6926.03,6926.15
dense,Qwen3.5 0.8B,Qwen3.5-0.8B-Q4_K_M,qwen35 0.8B Q4_K - Medium,512,12000,PP2048,6825.176666666666,9.480450059640297,6825.07,6815.75,6834.71
dense,Qwen3.5 0.8B,Qwen3.5-0.8B-Q4_K_M,qwen35 0.8B Q4_K - Medium,512,12000,PP4096,6610.66,7.710220489713798,6609.81,6603.41,6618.76
dense,Qwen3.5 0.8B,Qwen3.5-0.8B-Q4_K_M,qwen35 0.8B Q4_K - Medium,512,12000,TG128,182.89133333333334,0.05435377938408565,182.954,182.857,182.863
dense,Qwen3.5 0.8B,Qwen3.5-0.8B-Q4_K_M,qwen35 0.8B Q4_K - Medium,512,32000,PP512,4190.806666666666,190.8085952815891,3970.51,4297.8,4304.11
dense,Qwen3.5 0.8B,Qwen3.5-0.8B-Q4_K_M,qwen35 0.8B Q4_K - Medium,512,32000,PP1024,4279.11,4.532317288099027,4276.66,4284.34,4276.33
dense,Qwen3.5 0.8B,Qwen3.5-0.8B-Q4_K_M,qwen35 0.8B Q4_K - Medium,512,32000,PP2048,4243.11,1.3770620901032427,4241.85,4244.58,4242.9
dense,Qwen3.5 0.8B,Qwen3.5-0.8B-Q4_K_M,qwen35 0.8B Q4_K - Medium,512,32000,PP4096,4173.68,2.221103329429006,4175.8,4173.87,4171.37
dense,Qwen3.5 0.8B,Qwen3.5-0.8B-Q4_K_M,qwen35 0.8B Q4_K - Medium,512,32000,TG128,153.694,0.16391766225760726,153.506,153.769,153.807
dense,Qwen3.5 0.8B,Qwen3.5-0.8B-Q4_K_M,qwen35 0.8B Q4_K - Medium,512,64000,PP512,2667.65,84.92759445551239,2569.76,2711.51,2721.68
dense,Qwen3.5 0.8B,Qwen3.5-0.8B-Q4_K_M,qwen35 0.8B Q4_K - Medium,512,64000,PP1024,2710.77,3.8926982929581357,2709.72,2715.08,2707.51
dense,Qwen3.5 0.8B,Qwen3.5-0.8B-Q4_K_M,qwen35 0.8B Q4_K - Medium,512,64000,PP2048,2693.0133333333333,1.844080620074036,2691.01,2693.39,2694.64
dense,Qwen3.5 0.8B,Qwen3.5-0.8B-Q4_K_M,qwen35 0.8B Q4_K - Medium,512,64000,PP4096,2665.3766666666666,0.49521039299821656,2664.89,2665.88,2665.36
dense,Qwen3.5 0.8B,Qwen3.5-0.8B-Q4_K_M,qwen35 0.8B Q4_K - Medium,512,64000,TG128,120.35833333333333,0.03139001964531814,120.323,120.383,120.369
dense,Qwen3.5 0.8B,Qwen3.5-0.8B-Q4_K_M,qwen35 0.8B Q4_K - Medium,512,128000,PP512,1564.1533333333334,27.80420172084313,1532.05,1579.88,1580.53
dense,Qwen3.5 0.8B,Qwen3.5-0.8B-Q4_K_M,qwen35 0.8B Q4_K - Medium,512,128000,PP1024,1562.1266666666666,0.636579400651105,1561.96,1561.59,1562.83
dense,Qwen3.5 0.8B,Qwen3.5-0.8B-Q4_K_M,qwen35 0.8B Q4_K - Medium,512,128000,PP2048,1563.0466666666666,0.7307758434248081,1563.56,1563.37,1562.21
dense,Qwen3.5 0.8B,Qwen3.5-0.8B-Q4_K_M,qwen35 0.8B Q4_K - Medium,512,128000,PP4096,1552.5733333333333,0.614030400984585,1552.17,1552.27,1553.28
dense,Qwen3.5 0.8B,Qwen3.5-0.8B-Q4_K_M,qwen35 0.8B Q4_K - Medium,512,128000,TG128,85.59733333333332,0.010123899117104786,85.5944,85.589,85.6086
dense,Qwen3.5 0.8B,Qwen3.5-0.8B-Q4_K_S,qwen35 0.8B Q4_K - Small,512,0,PP512,10257.8,104.35751051074327,10197,10378.3,10198.1
dense,Qwen3.5 0.8B,Qwen3.5-0.8B-Q4_K_S,qwen35 0.8B Q4_K - Small,512,0,PP1024,10160.366666666667,31.99536424754915,10136,10148.5,10196.6
dense,Qwen3.5 0.8B,Qwen3.5-0.8B-Q4_K_S,qwen35 0.8B Q4_K - Small,512,0,PP2048,10052.056666666667,66.15825446105217,9975.67,10091.1,10089.4
dense,Qwen3.5 0.8B,Qwen3.5-0.8B-Q4_K_S,qwen35 0.8B Q4_K - Small,512,0,PP4096,9675.546666666665,11.959202871986749,9673.96,9664.46,9688.22
dense,Qwen3.5 0.8B,Qwen3.5-0.8B-Q4_K_S,qwen35 0.8B Q4_K - Small,512,0,TG128,216.475,0.155473470405726,216.637,216.461,216.327
dense,Qwen3.5 0.8B,Qwen3.5-0.8B-Q4_K_S,qwen35 0.8B Q4_K - Small,512,12000,PP512,6773.5,456.22207794011916,6247.2,7016.78,7056.52
dense,Qwen3.5 0.8B,Qwen3.5-0.8B-Q4_K_S,qwen35 0.8B Q4_K - Small,512,12000,PP1024,6970.406666666667,15.593762641945373,6952.55,6981.34,6977.33
dense,Qwen3.5 0.8B,Qwen3.5-0.8B-Q4_K_S,qwen35 0.8B Q4_K - Small,512,12000,PP2048,6888.483333333334,12.880824248988404,6876.84,6902.32,6886.29
dense,Qwen3.5 0.8B,Qwen3.5-0.8B-Q4_K_S,qwen35 0.8B Q4_K - Small,512,12000,PP4096,6648.946666666667,1.5535872467722343,6649.62,6650.05,6647.17
dense,Qwen3.5 0.8B,Qwen3.5-0.8B-Q4_K_S,qwen35 0.8B Q4_K - Small,512,12000,TG128,185.43699999999998,0.03912799509302531,185.392,185.456,185.463
dense,Qwen3.5 0.8B,Qwen3.5-0.8B-Q4_K_S,qwen35 0.8B Q4_K - Small,512,32000,PP512,4214.46,174.58244270258118,4012.87,4314.89,4315.62
dense,Qwen3.5 0.8B,Qwen3.5-0.8B-Q4_K_S,qwen35 0.8B Q4_K - Small,512,32000,PP1024,4298.066666666667,7.371630303625916,4289.74,4303.76,4300.7
dense,Qwen3.5 0.8B,Qwen3.5-0.8B-Q4_K_S,qwen35 0.8B Q4_K - Small,512,32000,PP2048,4248.2,13.009815525210042,4257.96,4253.21,4233.43
dense,Qwen3.5 0.8B,Qwen3.5-0.8B-Q4_K_S,qwen35 0.8B Q4_K - Small,512,32000,PP4096,4105.87,5.0731055577428315,4109.89,4107.55,4100.17
dense,Qwen3.5 0.8B,Qwen3.5-0.8B-Q4_K_S,qwen35 0.8B Q4_K - Small,512,32000,TG128,155.53033333333335,0.037898988552901046,155.571,155.524,155.496
dense,Qwen3.5 0.8B,Qwen3.5-0.8B-Q4_K_S,qwen35 0.8B Q4_K - Small,512,64000,PP512,2678.9900000000002,72.9401885108614,2594.88,2717.25,2724.84
dense,Qwen3.5 0.8B,Qwen3.5-0.8B-Q4_K_S,qwen35 0.8B Q4_K - Small,512,64000,PP1024,2713.0366666666664,3.21811021149591,2716.17,2709.74,2713.2
dense,Qwen3.5 0.8B,Qwen3.5-0.8B-Q4_K_S,qwen35 0.8B Q4_K - Small,512,64000,PP2048,2662.0033333333336,3.9108225903680003,2666.29,2658.63,2661.09
dense,Qwen3.5 0.8B,Qwen3.5-0.8B-Q4_K_S,qwen35 0.8B Q4_K - Small,512,64000,PP4096,2617.1566666666668,1.907939551802831,2618.69,2617.76,2615.02
dense,Qwen3.5 0.8B,Qwen3.5-0.8B-Q4_K_S,qwen35 0.8B Q4_K - Small,512,64000,TG128,121.67266666666667,0.020792626898334096,121.688,121.681,121.649
dense,Qwen3.5 0.8B,Qwen3.5-0.8B-Q4_K_S,qwen35 0.8B Q4_K - Small,512,128000,PP512,1567.3566666666666,24.404713342576496,1539.22,1580.07,1582.78
dense,Qwen3.5 0.8B,Qwen3.5-0.8B-Q4_K_S,qwen35 0.8B Q4_K - Small,512,128000,PP1024,1564.2766666666666,0.7356856212631258,1564.76,1564.64,1563.43
dense,Qwen3.5 0.8B,Qwen3.5-0.8B-Q4_K_S,qwen35 0.8B Q4_K - Small,512,128000,PP2048,1563.6266666666668,0.6465549731718432,1564.1,1563.89,1562.89
dense,Qwen3.5 0.8B,Qwen3.5-0.8B-Q4_K_S,qwen35 0.8B Q4_K - Small,512,128000,PP4096,1554.4966666666667,1.328244455412204,1553.76,1553.7,1556.03
dense,Qwen3.5 0.8B,Qwen3.5-0.8B-Q4_K_S,qwen35 0.8B Q4_K - Small,512,128000,TG128,86.1267,0.02147952513441627,86.141,86.1371,86.102
dense,Qwen3.5 0.8B,Qwen3.5-0.8B-Q5_K_M,qwen35 0.8B Q5_K - Medium,512,0,PP512,9664.026666666667,13.802414040063205,9649.24,9666.27,9676.57
dense,Qwen3.5 0.8B,Qwen3.5-0.8B-Q5_K_M,qwen35 0.8B Q5_K - Medium,512,0,PP1024,9607.413333333334,17.085775760360928,9612.36,9621.48,9588.4
dense,Qwen3.5 0.8B,Qwen3.5-0.8B-Q5_K_M,qwen35 0.8B Q5_K - Medium,512,0,PP2048,9520.686666666666,29.368933132364745,9529.69,9487.87,9544.5
dense,Qwen3.5 0.8B,Qwen3.5-0.8B-Q5_K_M,qwen35 0.8B Q5_K - Medium,512,0,PP4096,9258.223333333333,20.544377170732556,9272.58,9234.69,9267.4
dense,Qwen3.5 0.8B,Qwen3.5-0.8B-Q5_K_M,qwen35 0.8B Q5_K - Medium,512,0,TG128,203.985,0.19313207915827765,203.775,204.155,204.025
dense,Qwen3.5 0.8B,Qwen3.5-0.8B-Q5_K_M,qwen35 0.8B Q5_K - Medium,512,12000,PP512,6507.573333333334,513.6798088628103,5914.46,6809.55,6798.71
dense,Qwen3.5 0.8B,Qwen3.5-0.8B-Q5_K_M,qwen35 0.8B Q5_K - Medium,512,12000,PP1024,6749.823333333334,4.27328133093708,6751.59,6744.95,6752.93
dense,Qwen3.5 0.8B,Qwen3.5-0.8B-Q5_K_M,qwen35 0.8B Q5_K - Medium,512,12000,PP2048,6639.85,8.391537403837292,6649.42,6636.38,6633.75
dense,Qwen3.5 0.8B,Qwen3.5-0.8B-Q5_K_M,qwen35 0.8B Q5_K - Medium,512,12000,PP4096,6454.83,2.5964783842738126,6455.96,6456.67,6451.86
dense,Qwen3.5 0.8B,Qwen3.5-0.8B-Q5_K_M,qwen35 0.8B Q5_K - Medium,512,12000,TG128,176.85866666666666,0.07756502648316066,176.938,176.783,176.855
dense,Qwen3.5 0.8B,Qwen3.5-0.8B-Q5_K_M,qwen35 0.8B Q5_K - Medium,512,32000,PP512,4110.12,205.27422804628912,3873.09,4228.33,4228.94
dense,Qwen3.5 0.8B,Qwen3.5-0.8B-Q5_K_M,qwen35 0.8B Q5_K - Medium,512,32000,PP1024,4208.493333333334,5.754627123744598,4202.28,4209.56,4213.64
dense,Qwen3.5 0.8B,Qwen3.5-0.8B-Q5_K_M,qwen35 0.8B Q5_K - Medium,512,32000,PP2048,4163.893333333333,13.16997089341281,4175.3,4149.48,4166.9
dense,Qwen3.5 0.8B,Qwen3.5-0.8B-Q5_K_M,qwen35 0.8B Q5_K - Medium,512,32000,PP4096,4023.746666666667,7.442461510369777,4029.53,4026.36,4015.35
dense,Qwen3.5 0.8B,Qwen3.5-0.8B-Q5_K_M,qwen35 0.8B Q5_K - Medium,512,32000,TG128,149.518,0.054990908339472164,149.578,149.506,149.47
dense,Qwen3.5 0.8B,Qwen3.5-0.8B-Q5_K_M,qwen35 0.8B Q5_K - Medium,512,64000,PP512,2633.68,84.4675778035574,2536.2,2679.59,2685.25
dense,Qwen3.5 0.8B,Qwen3.5-0.8B-Q5_K_M,qwen35 0.8B Q5_K - Medium,512,64000,PP1024,2677.5666666666666,0.8681781691183011,2677.82,2676.6,2678.28
dense,Qwen3.5 0.8B,Qwen3.5-0.8B-Q5_K_M,qwen35 0.8B Q5_K - Medium,512,64000,PP2048,2629.4466666666667,3.2199585918663107,2632.44,2629.86,2626.04
dense,Qwen3.5 0.8B,Qwen3.5-0.8B-Q5_K_M,qwen35 0.8B Q5_K - Medium,512,64000,PP4096,2587.4133333333334,0.8901872462203371,2586.73,2588.42,2587.09
dense,Qwen3.5 0.8B,Qwen3.5-0.8B-Q5_K_M,qwen35 0.8B Q5_K - Medium,512,64000,TG128,117.65533333333333,0.08467782078758031,117.751,117.59,117.625
dense,Qwen3.5 0.8B,Qwen3.5-0.8B-Q5_K_M,qwen35 0.8B Q5_K - Medium,512,128000,PP512,1553.48,29.267253031331787,1519.72,1569.03,1571.69
dense,Qwen3.5 0.8B,Qwen3.5-0.8B-Q5_K_M,qwen35 0.8B Q5_K - Medium,512,128000,PP1024,1550.84,0.6963476143422438,1551.64,1550.37,1550.51
dense,Qwen3.5 0.8B,Qwen3.5-0.8B-Q5_K_M,qwen35 0.8B Q5_K - Medium,512,128000,PP2048,1551.73,0.22538855339161906,1551.47,1551.85,1551.87
dense,Qwen3.5 0.8B,Qwen3.5-0.8B-Q5_K_M,qwen35 0.8B Q5_K - Medium,512,128000,PP4096,1541.4033333333332,0.3818813079129867,1541.07,1541.32,1541.82
dense,Qwen3.5 0.8B,Qwen3.5-0.8B-Q5_K_M,qwen35 0.8B Q5_K - Medium,512,128000,TG128,84.28476666666667,0.015666631205635384,84.2907,84.267,84.2966
dense,Qwen3.5 0.8B,Qwen3.5-0.8B-Q5_K_S,qwen35 0.8B Q5_K - Small,512,0,PP512,10068.4,10.019481024484584,10060.6,10064.9,10079.7
dense,Qwen3.5 0.8B,Qwen3.5-0.8B-Q5_K_S,qwen35 0.8B Q5_K - Small,512,0,PP1024,10035.233333333334,13.97151864806862,10019.6,10046.5,10039.6
dense,Qwen3.5 0.8B,Qwen3.5-0.8B-Q5_K_S,qwen35 0.8B Q5_K - Small,512,0,PP2048,9905.383333333333,14.848455587479187,9910.93,9888.56,9916.66
dense,Qwen3.5 0.8B,Qwen3.5-0.8B-Q5_K_S,qwen35 0.8B Q5_K - Small,512,0,PP4096,9612.086666666666,16.687277589029577,9624.64,9618.47,9593.15
dense,Qwen3.5 0.8B,Qwen3.5-0.8B-Q5_K_S,qwen35 0.8B Q5_K - Small,512,0,TG128,207.11633333333333,0.1477982859621071,207.282,207.069,206.998
dense,Qwen3.5 0.8B,Qwen3.5-0.8B-Q5_K_S,qwen35 0.8B Q5_K - Small,512,12000,PP512,6675.006666666667,493.5753123215678,6106.14,6929.28,6989.6
dense,Qwen3.5 0.8B,Qwen3.5-0.8B-Q5_K_S,qwen35 0.8B Q5_K - Small,512,12000,PP1024,6911.5599999999995,13.910927359453952,6909.94,6926.21,6898.53
dense,Qwen3.5 0.8B,Qwen3.5-0.8B-Q5_K_S,qwen35 0.8B Q5_K - Small,512,12000,PP2048,6830.86,15.02883561690659,6847.71,6818.84,6826.03
dense,Qwen3.5 0.8B,Qwen3.5-0.8B-Q5_K_S,qwen35 0.8B Q5_K - Small,512,12000,PP4096,6600.973333333333,4.600449253424573,6598.78,6606.26,6597.88
dense,Qwen3.5 0.8B,Qwen3.5-0.8B-Q5_K_S,qwen35 0.8B Q5_K - Small,512,12000,TG128,179.02666666666667,0.043592812863279234,179.002,179.077,179.001
dense,Qwen3.5 0.8B,Qwen3.5-0.8B-Q5_K_S,qwen35 0.8B Q5_K - Small,512,32000,PP512,4187.393333333333,189.97389987399146,3968.13,4291.3,4302.75
dense,Qwen3.5 0.8B,Qwen3.5-0.8B-Q5_K_S,qwen35 0.8B Q5_K - Small,512,32000,PP1024,4274.0633333333335,3.394559372485954,4272.84,4271.45,4277.9
dense,Qwen3.5 0.8B,Qwen3.5-0.8B-Q5_K_S,qwen35 0.8B Q5_K - Small,512,32000,PP2048,4219.486666666667,7.341010375508994,4227.36,4218.27,4212.83
dense,Qwen3.5 0.8B,Qwen3.5-0.8B-Q5_K_S,qwen35 0.8B Q5_K - Small,512,32000,PP4096,4076.04,8.447561778406847,4079.57,4082.15,4066.4
dense,Qwen3.5 0.8B,Qwen3.5-0.8B-Q5_K_S,qwen35 0.8B Q5_K - Small,512,32000,TG128,151.25433333333334,0.09609543867080489,151.365,151.206,151.192
dense,Qwen3.5 0.8B,Qwen3.5-0.8B-Q5_K_S,qwen35 0.8B Q5_K - Small,512,64000,PP512,2669.74,78.99833479257646,2578.54,2716.97,2713.71
dense,Qwen3.5 0.8B,Qwen3.5-0.8B-Q5_K_S,qwen35 0.8B Q5_K - Small,512,64000,PP1024,2711.0433333333335,2.878929199083187,2709.19,2714.36,2709.58
dense,Qwen3.5 0.8B,Qwen3.5-0.8B-Q5_K_S,qwen35 0.8B Q5_K - Small,512,64000,PP2048,2652.7833333333333,2.7854323422646847,2653.68,2649.66,2655.01
dense,Qwen3.5 0.8B,Qwen3.5-0.8B-Q5_K_S,qwen35 0.8B Q5_K - Small,512,64000,PP4096,2610.84,0.9986490875176417,2609.76,2611.03,2611.73
dense,Qwen3.5 0.8B,Qwen3.5-0.8B-Q5_K_S,qwen35 0.8B Q5_K - Small,512,64000,TG128,118.64666666666666,0.027537852736426966,118.62,118.645,118.675
dense,Qwen3.5 0.8B,Qwen3.5-0.8B-Q5_K_S,qwen35 0.8B Q5_K - Small,512,128000,PP512,1562.74,28.423166607540352,1529.92,1579.04,1579.26
dense,Qwen3.5 0.8B,Qwen3.5-0.8B-Q5_K_S,qwen35 0.8B Q5_K - Small,512,128000,PP1024,1560.8633333333332,0.8000208330621436,1560.76,1560.12,1561.71
dense,Qwen3.5 0.8B,Qwen3.5-0.8B-Q5_K_S,qwen35 0.8B Q5_K - Small,512,128000,PP2048,1562.7833333333333,1.0550039494396348,1563.84,1562.78,1561.73
dense,Qwen3.5 0.8B,Qwen3.5-0.8B-Q5_K_S,qwen35 0.8B Q5_K - Small,512,128000,PP4096,1552.3666666666666,0.30088757590398496,1552.34,1552.68,1552.08
dense,Qwen3.5 0.8B,Qwen3.5-0.8B-Q5_K_S,qwen35 0.8B Q5_K - Small,512,128000,TG128,84.8581,0.0032186953878826884,84.8607,84.8591,84.8545
dense,Qwen3.5 0.8B,Qwen3.5-0.8B-Q6_K,qwen35 0.8B Q6_K,512,0,PP512,9278.086666666666,84.68209629746629,9328.91,9325.02,9180.33
dense,Qwen3.5 0.8B,Qwen3.5-0.8B-Q6_K,qwen35 0.8B Q6_K,512,0,PP1024,9177.166666666666,34.34677617089103,9177.57,9142.62,9211.31
dense,Qwen3.5 0.8B,Qwen3.5-0.8B-Q6_K,qwen35 0.8B Q6_K,512,0,PP2048,9070.276666666667,7.972906203721255,9061.71,9077.48,9071.64
dense,Qwen3.5 0.8B,Qwen3.5-0.8B-Q6_K,qwen35 0.8B Q6_K,512,0,PP4096,8812.076666666666,22.620356613752033,8786.77,8819.13,8830.33
dense,Qwen3.5 0.8B,Qwen3.5-0.8B-Q6_K,qwen35 0.8B Q6_K,512,0,TG128,199.00833333333333,0.035837596645608503,199.041,198.97,199.014
dense,Qwen3.5 0.8B,Qwen3.5-0.8B-Q6_K,qwen35 0.8B Q6_K,512,12000,PP512,6227.953333333333,598.1043618243673,5537.69,6553.56,6592.61
dense,Qwen3.5 0.8B,Qwen3.5-0.8B-Q6_K,qwen35 0.8B Q6_K,512,12000,PP1024,6511.956666666667,14.489480091892126,6527.17,6498.32,6510.38
dense,Qwen3.5 0.8B,Qwen3.5-0.8B-Q6_K,qwen35 0.8B Q6_K,512,12000,PP2048,6443.7266666666665,2.522941405053479,6444.83,6445.51,6440.84
dense,Qwen3.5 0.8B,Qwen3.5-0.8B-Q6_K,qwen35 0.8B Q6_K,512,12000,PP4096,6242.803333333333,4.81424275803919,6247.73,6242.57,6238.11
dense,Qwen3.5 0.8B,Qwen3.5-0.8B-Q6_K,qwen35 0.8B Q6_K,512,12000,TG128,173.11566666666667,0.13096691694214654,173.166,172.967,173.214
dense,Qwen3.5 0.8B,Qwen3.5-0.8B-Q6_K,qwen35 0.8B Q6_K,512,32000,PP512,3983.936666666667,255.85980562279278,3688.51,4134.21,4129.09
dense,Qwen3.5 0.8B,Qwen3.5-0.8B-Q6_K,qwen35 0.8B Q6_K,512,32000,PP1024,4121.1,3.9845576918900334,4117.01,4124.97,4121.32
dense,Qwen3.5 0.8B,Qwen3.5-0.8B-Q6_K,qwen35 0.8B Q6_K,512,32000,PP2048,4086.09,2.34040594769367,4088.79,4084.64,4084.84
dense,Qwen3.5 0.8B,Qwen3.5-0.8B-Q6_K,qwen35 0.8B Q6_K,512,32000,PP4096,3948.7133333333336,10.06008117926154,3958.75,3948.76,3938.63
dense,Qwen3.5 0.8B,Qwen3.5-0.8B-Q6_K,qwen35 0.8B Q6_K,512,32000,TG128,146.90933333333334,0.052690922684396096,146.97,146.875,146.883
dense,Qwen3.5 0.8B,Qwen3.5-0.8B-Q6_K,qwen35 0.8B Q6_K,512,64000,PP512,2588.576666666667,104.69330653548646,2467.82,2644.05,2653.86
dense,Qwen3.5 0.8B,Qwen3.5-0.8B-Q6_K,qwen35 0.8B Q6_K,512,64000,PP1024,2641.4766666666665,1.9604166223875978,2643.71,2640.04,2640.68
dense,Qwen3.5 0.8B,Qwen3.5-0.8B-Q6_K,qwen35 0.8B Q6_K,512,64000,PP2048,2594.193333333333,6.211653027442285,2600.89,2593.07,2588.62
dense,Qwen3.5 0.8B,Qwen3.5-0.8B-Q6_K,qwen35 0.8B Q6_K,512,64000,PP4096,2557.22,2.295887627912082,2555.83,2559.87,2555.96
dense,Qwen3.5 0.8B,Qwen3.5-0.8B-Q6_K,qwen35 0.8B Q6_K,512,64000,TG128,116.07866666666666,0.02040424792373386,116.061,116.101,116.074
dense,Qwen3.5 0.8B,Qwen3.5-0.8B-Q6_K,qwen35 0.8B Q6_K,512,128000,PP512,1537.98,39.656803955941754,1492.19,1561.22,1560.53
dense,Qwen3.5 0.8B,Qwen3.5-0.8B-Q6_K,qwen35 0.8B Q6_K,512,128000,PP1024,1539.51,0.7029224708315563,1540.32,1539.15,1539.06
dense,Qwen3.5 0.8B,Qwen3.5-0.8B-Q6_K,qwen35 0.8B Q6_K,512,128000,PP2048,1539.4033333333334,1.362876859196433,1540.58,1537.91,1539.72
dense,Qwen3.5 0.8B,Qwen3.5-0.8B-Q6_K,qwen35 0.8B Q6_K,512,128000,PP4096,1529.4433333333334,0.18610033136282822,1529.42,1529.64,1529.27
dense,Qwen3.5 0.8B,Qwen3.5-0.8B-Q6_K,qwen35 0.8B Q6_K,512,128000,TG128,83.32013333333333,0.00724315769077205,83.3149,83.3284,83.3171
dense,Qwen3.5 0.8B,Qwen3.5-0.8B-Q8_0,qwen35 0.8B Q8_0,512,0,PP512,10846.533333333333,13.600122548467835,10832.9,10860.1,10846.6
dense,Qwen3.5 0.8B,Qwen3.5-0.8B-Q8_0,qwen35 0.8B Q8_0,512,0,PP1024,10712.4,26.493206676429704,10742.7,10700.9,10693.6
dense,Qwen3.5 0.8B,Qwen3.5-0.8B-Q8_0,qwen35 0.8B Q8_0,512,0,PP2048,10650.766666666666,23.785780065689504,10671.5,10624.8,10656
dense,Qwen3.5 0.8B,Qwen3.5-0.8B-Q8_0,qwen35 0.8B Q8_0,512,0,PP4096,10224.933333333332,13.169029323885143,10240.1,10216.4,10218.3
dense,Qwen3.5 0.8B,Qwen3.5-0.8B-Q8_0,qwen35 0.8B Q8_0,512,0,TG128,183.79533333333333,0.03878573620976565,183.823,183.812,183.751
dense,Qwen3.5 0.8B,Qwen3.5-0.8B-Q8_0,qwen35 0.8B Q8_0,512,12000,PP512,7003.71,490.728318216913,6439.3,7329.45,7242.38
dense,Qwen3.5 0.8B,Qwen3.5-0.8B-Q8_0,qwen35 0.8B Q8_0,512,12000,PP1024,7188.276666666667,26.977331842369427,7157.22,7205.9,7201.71
dense,Qwen3.5 0.8B,Qwen3.5-0.8B-Q8_0,qwen35 0.8B Q8_0,512,12000,PP2048,7102.816666666667,32.08809176833899,7083.04,7139.84,7085.57
dense,Qwen3.5 0.8B,Qwen3.5-0.8B-Q8_0,qwen35 0.8B Q8_0,512,12000,PP4096,6908.953333333333,11.311239248346398,6913.98,6916.88,6896
dense,Qwen3.5 0.8B,Qwen3.5-0.8B-Q8_0,qwen35 0.8B Q8_0,512,12000,TG128,161.88633333333334,0.05310681061157283,161.826,161.907,161.926
dense,Qwen3.5 0.8B,Qwen3.5-0.8B-Q8_0,qwen35 0.8B Q8_0,512,32000,PP512,4318.05,189.32256944168083,4099.57,4420.74,4433.84
dense,Qwen3.5 0.8B,Qwen3.5-0.8B-Q8_0,qwen35 0.8B Q8_0,512,32000,PP1024,4392.1866666666665,2.963652026357423,4390.05,4395.57,4390.94
dense,Qwen3.5 0.8B,Qwen3.5-0.8B-Q8_0,qwen35 0.8B Q8_0,512,32000,PP2048,4365.833333333333,4.304617675628495,4370.62,4362.28,4364.6
dense,Qwen3.5 0.8B,Qwen3.5-0.8B-Q8_0,qwen35 0.8B Q8_0,512,32000,PP4096,4278.786666666667,10.30359807704756,4288.5,4279.88,4267.98
dense,Qwen3.5 0.8B,Qwen3.5-0.8B-Q8_0,qwen35 0.8B Q8_0,512,32000,TG128,139.06333333333333,0.12752385397772487,139.197,138.943,139.05
dense,Qwen3.5 0.8B,Qwen3.5-0.8B-Q8_0,qwen35 0.8B Q8_0,512,64000,PP512,2716.63,71.1881759844989,2634.51,2760.85,2754.53
dense,Qwen3.5 0.8B,Qwen3.5-0.8B-Q8_0,qwen35 0.8B Q8_0,512,64000,PP1024,2748.8366666666666,2.6764964661536705,2751.46,2748.94,2746.11
dense,Qwen3.5 0.8B,Qwen3.5-0.8B-Q8_0,qwen35 0.8B Q8_0,512,64000,PP2048,2693.58,0.37643060449424326,2693.74,2693.15,2693.85
dense,Qwen3.5 0.8B,Qwen3.5-0.8B-Q8_0,qwen35 0.8B Q8_0,512,64000,PP4096,2650.4433333333336,0.9577229940505733,2650.36,2651.44,2649.53
dense,Qwen3.5 0.8B,Qwen3.5-0.8B-Q8_0,qwen35 0.8B Q8_0,512,64000,TG128,111.82033333333334,0.05493025881363694,111.865,111.837,111.759
dense,Qwen3.5 0.8B,Qwen3.5-0.8B-Q8_0,qwen35 0.8B Q8_0,512,128000,PP512,1579.57,24.14205666466713,1551.7,1594.04,1592.97
dense,Qwen3.5 0.8B,Qwen3.5-0.8B-Q8_0,qwen35 0.8B Q8_0,512,128000,PP1024,1577.1533333333334,0.7088958550686092,1577.48,1577.64,1576.34
dense,Qwen3.5 0.8B,Qwen3.5-0.8B-Q8_0,qwen35 0.8B Q8_0,512,128000,PP2048,1577.55,1.0650352106855205,1578.73,1577.26,1576.66
dense,Qwen3.5 0.8B,Qwen3.5-0.8B-Q8_0,qwen35 0.8B Q8_0,512,128000,PP4096,1563.5,0.285131548587633,1563.22,1563.79,1563.49
dense,Qwen3.5 0.8B,Qwen3.5-0.8B-Q8_0,qwen35 0.8B Q8_0,512,128000,TG128,80.8517,0.015026975743641069,80.8406,80.8688,80.8457
dense,Qwen3.5 0.8B,Qwen3.5-0.8B-UD-IQ2_M,qwen35 0.8B IQ2_M - 2.7 bpw,512,0,PP512,9769.47,16.75279379685698,9751.16,9773.22,9784.03
dense,Qwen3.5 0.8B,Qwen3.5-0.8B-UD-IQ2_M,qwen35 0.8B IQ2_M - 2.7 bpw,512,0,PP1024,9667.376666666667,45.027407579532515,9718.66,9649.15,9634.32
dense,Qwen3.5 0.8B,Qwen3.5-0.8B-UD-IQ2_M,qwen35 0.8B IQ2_M - 2.7 bpw,512,0,PP2048,9555.493333333334,8.624814973860826,9553.31,9565,9548.17
dense,Qwen3.5 0.8B,Qwen3.5-0.8B-UD-IQ2_M,qwen35 0.8B IQ2_M - 2.7 bpw,512,0,PP4096,9268.376666666667,11.450914082872476,9257.82,9266.76,9280.55
dense,Qwen3.5 0.8B,Qwen3.5-0.8B-UD-IQ2_M,qwen35 0.8B IQ2_M - 2.7 bpw,512,0,TG128,233.675,0.46576710918654995,234.165,233.622,233.238
dense,Qwen3.5 0.8B,Qwen3.5-0.8B-UD-IQ2_M,qwen35 0.8B IQ2_M - 2.7 bpw,512,12000,PP512,6551.1466666666665,436.4297595642777,6049.89,6756.75,6846.8
dense,Qwen3.5 0.8B,Qwen3.5-0.8B-UD-IQ2_M,qwen35 0.8B IQ2_M - 2.7 bpw,512,12000,PP1024,6705.056666666667,15.675717952723295,6698.35,6722.97,6693.85
dense,Qwen3.5 0.8B,Qwen3.5-0.8B-UD-IQ2_M,qwen35 0.8B IQ2_M - 2.7 bpw,512,12000,PP2048,6626.276666666667,6.249818664035943,6619.06,6629.88,6629.89
dense,Qwen3.5 0.8B,Qwen3.5-0.8B-UD-IQ2_M,qwen35 0.8B IQ2_M - 2.7 bpw,512,12000,PP4096,6429.656666666667,24.12557633163036,6451.48,6433.74,6403.75
dense,Qwen3.5 0.8B,Qwen3.5-0.8B-UD-IQ2_M,qwen35 0.8B IQ2_M - 2.7 bpw,512,12000,TG128,198.89566666666667,0.012662279942149739,198.886,198.91,198.891
dense,Qwen3.5 0.8B,Qwen3.5-0.8B-UD-IQ2_M,qwen35 0.8B IQ2_M - 2.7 bpw,512,32000,PP512,4116.76,170.12483445987536,3920.33,4216.95,4213
dense,Qwen3.5 0.8B,Qwen3.5-0.8B-UD-IQ2_M,qwen35 0.8B IQ2_M - 2.7 bpw,512,32000,PP1024,4198.88,1.3858932137794526,4199.89,4199.45,4197.3
dense,Qwen3.5 0.8B,Qwen3.5-0.8B-UD-IQ2_M,qwen35 0.8B IQ2_M - 2.7 bpw,512,32000,PP2048,4126.073333333334,28.68219017671651,4147.63,4137.07,4093.52
dense,Qwen3.5 0.8B,Qwen3.5-0.8B-UD-IQ2_M,qwen35 0.8B IQ2_M - 2.7 bpw,512,32000,PP4096,3994.2,7.365860438536704,4001.5,3994.33,3986.77
dense,Qwen3.5 0.8B,Qwen3.5-0.8B-UD-IQ2_M,qwen35 0.8B IQ2_M - 2.7 bpw,512,32000,TG128,163.61166666666665,0.15773817969449203,163.789,163.487,163.559
dense,Qwen3.5 0.8B,Qwen3.5-0.8B-UD-IQ2_M,qwen35 0.8B IQ2_M - 2.7 bpw,512,64000,PP512,2643.0733333333333,68.25700354786538,2564.32,2679.72,2685.18
dense,Qwen3.5 0.8B,Qwen3.5-0.8B-UD-IQ2_M,qwen35 0.8B IQ2_M - 2.7 bpw,512,64000,PP1024,2670.58,9.65941509616407,2679.01,2672.69,2660.04
dense,Qwen3.5 0.8B,Qwen3.5-0.8B-UD-IQ2_M,qwen35 0.8B IQ2_M - 2.7 bpw,512,64000,PP2048,2602.286666666667,2.368255335332978,2601.35,2604.98,2600.53
dense,Qwen3.5 0.8B,Qwen3.5-0.8B-UD-IQ2_M,qwen35 0.8B IQ2_M - 2.7 bpw,512,64000,PP4096,2567.846666666667,1.0302588671461508,2566.83,2568.89,2567.82
dense,Qwen3.5 0.8B,Qwen3.5-0.8B-UD-IQ2_M,qwen35 0.8B IQ2_M - 2.7 bpw,512,64000,TG128,126.64533333333333,0.04673685198356586,126.697,126.633,126.606
dense,Qwen3.5 0.8B,Qwen3.5-0.8B-UD-IQ2_M,qwen35 0.8B IQ2_M - 2.7 bpw,512,128000,PP512,1553.05,23.908584232446767,1525.87,1570.83,1562.45
dense,Qwen3.5 0.8B,Qwen3.5-0.8B-UD-IQ2_M,qwen35 0.8B IQ2_M - 2.7 bpw,512,128000,PP1024,1550.9433333333334,2.43270083103803,1553.48,1550.72,1548.63
dense,Qwen3.5 0.8B,Qwen3.5-0.8B-UD-IQ2_M,qwen35 0.8B IQ2_M - 2.7 bpw,512,128000,PP2048,1551.7866666666666,1.2316384750946077,1551.86,1552.98,1550.52
dense,Qwen3.5 0.8B,Qwen3.5-0.8B-UD-IQ2_M,qwen35 0.8B IQ2_M - 2.7 bpw,512,128000,PP4096,1538.1333333333334,0.4050102879351472,1537.67,1538.42,1538.31
dense,Qwen3.5 0.8B,Qwen3.5-0.8B-UD-IQ2_M,qwen35 0.8B IQ2_M - 2.7 bpw,512,128000,TG128,88.26106666666666,0.007351417096952653,88.2583,88.2694,88.2555
dense,Qwen3.5 0.8B,Qwen3.5-0.8B-UD-IQ2_XXS,qwen35 0.8B IQ2_XXS - 2.0625 bpw,512,0,PP512,10111.633333333333,88.71394103145963,10163.7,10009.2,10162
dense,Qwen3.5 0.8B,Qwen3.5-0.8B-UD-IQ2_XXS,qwen35 0.8B IQ2_XXS - 2.0625 bpw,512,0,PP1024,9965.096666666666,30.47242414599379,9958.99,9938.14,9998.16
dense,Qwen3.5 0.8B,Qwen3.5-0.8B-UD-IQ2_XXS,qwen35 0.8B IQ2_XXS - 2.0625 bpw,512,0,PP2048,9878.313333333334,36.113992209852505,9872.53,9845.44,9916.97
dense,Qwen3.5 0.8B,Qwen3.5-0.8B-UD-IQ2_XXS,qwen35 0.8B IQ2_XXS - 2.0625 bpw,512,0,PP4096,9583.89,39.69316439892457,9617.2,9539.97,9594.5
dense,Qwen3.5 0.8B,Qwen3.5-0.8B-UD-IQ2_XXS,qwen35 0.8B IQ2_XXS - 2.0625 bpw,512,0,TG128,241.67533333333333,0.4006973088671048,242.102,241.617,241.307
dense,Qwen3.5 0.8B,Qwen3.5-0.8B-UD-IQ2_XXS,qwen35 0.8B IQ2_XXS - 2.0625 bpw,512,12000,PP512,6704.91,500.08826530923506,6127.5,6987.57,6999.66
dense,Qwen3.5 0.8B,Qwen3.5-0.8B-UD-IQ2_XXS,qwen35 0.8B IQ2_XXS - 2.0625 bpw,512,12000,PP1024,6915.306666666666,13.375060124475365,6930.44,6910.41,6905.07
dense,Qwen3.5 0.8B,Qwen3.5-0.8B-UD-IQ2_XXS,qwen35 0.8B IQ2_XXS - 2.0625 bpw,512,12000,PP2048,6797.383333333333,4.595000906782445,6801.98,6792.79,6797.38
dense,Qwen3.5 0.8B,Qwen3.5-0.8B-UD-IQ2_XXS,qwen35 0.8B IQ2_XXS - 2.0625 bpw,512,12000,PP4096,6548.78,49.19936280075199,6605.22,6514.95,6526.17
dense,Qwen3.5 0.8B,Qwen3.5-0.8B-UD-IQ2_XXS,qwen35 0.8B IQ2_XXS - 2.0625 bpw,512,12000,TG128,204.114,0.13738995596476997,204.004,204.268,204.07
dense,Qwen3.5 0.8B,Qwen3.5-0.8B-UD-IQ2_XXS,qwen35 0.8B IQ2_XXS - 2.0625 bpw,512,32000,PP512,4187.22,189.84874058049465,3968.63,4282.15,4310.88
dense,Qwen3.5 0.8B,Qwen3.5-0.8B-UD-IQ2_XXS,qwen35 0.8B IQ2_XXS - 2.0625 bpw,512,32000,PP1024,4266.373333333333,5.63562182312971,4266.47,4271.96,4260.69
dense,Qwen3.5 0.8B,Qwen3.5-0.8B-UD-IQ2_XXS,qwen35 0.8B IQ2_XXS - 2.0625 bpw,512,32000,PP2048,4202.206666666667,15.749908994446113,4205.68,4215.93,4185.01
dense,Qwen3.5 0.8B,Qwen3.5-0.8B-UD-IQ2_XXS,qwen35 0.8B IQ2_XXS - 2.0625 bpw,512,32000,PP4096,4069.5266666666666,6.244816517186974,4075.24,4070.48,4062.86
dense,Qwen3.5 0.8B,Qwen3.5-0.8B-UD-IQ2_XXS,qwen35 0.8B IQ2_XXS - 2.0625 bpw,512,32000,TG128,167.18800000000002,0.26217742084321444,167.484,167.095,166.985
dense,Qwen3.5 0.8B,Qwen3.5-0.8B-UD-IQ2_XXS,qwen35 0.8B IQ2_XXS - 2.0625 bpw,512,64000,PP512,2666.6966666666667,72.56192206201086,2582.91,2708.31,2708.87
dense,Qwen3.5 0.8B,Qwen3.5-0.8B-UD-IQ2_XXS,qwen35 0.8B IQ2_XXS - 2.0625 bpw,512,64000,PP1024,2701.8533333333335,3.120101494075562,2699.69,2705.43,2700.44
dense,Qwen3.5 0.8B,Qwen3.5-0.8B-UD-IQ2_XXS,qwen35 0.8B IQ2_XXS - 2.0625 bpw,512,64000,PP2048,2646.7766666666666,5.545722075017257,2652.94,2645.2,2642.19
dense,Qwen3.5 0.8B,Qwen3.5-0.8B-UD-IQ2_XXS,qwen35 0.8B IQ2_XXS - 2.0625 bpw,512,64000,PP4096,2602.8733333333334,1.5131864833302233,2604.44,2601.42,2602.76
dense,Qwen3.5 0.8B,Qwen3.5-0.8B-UD-IQ2_XXS,qwen35 0.8B IQ2_XXS - 2.0625 bpw,512,64000,TG128,128.68766666666667,0.045654499595698006,128.74,128.667,128.656
dense,Qwen3.5 0.8B,Qwen3.5-0.8B-UD-IQ2_XXS,qwen35 0.8B IQ2_XXS - 2.0625 bpw,512,128000,PP512,1558.1533333333334,24.914574717087437,1530.64,1579.19,1564.63
dense,Qwen3.5 0.8B,Qwen3.5-0.8B-UD-IQ2_XXS,qwen35 0.8B IQ2_XXS - 2.0625 bpw,512,128000,PP1024,1559.74,0.360416425818818,1559.76,1559.37,1560.09
dense,Qwen3.5 0.8B,Qwen3.5-0.8B-UD-IQ2_XXS,qwen35 0.8B IQ2_XXS - 2.0625 bpw,512,128000,PP2048,1559.9733333333334,0.1960442127004827,1559.79,1559.95,1560.18
dense,Qwen3.5 0.8B,Qwen3.5-0.8B-UD-IQ2_XXS,qwen35 0.8B IQ2_XXS - 2.0625 bpw,512,128000,PP4096,1549.5933333333332,0.270246800782772,1549.33,1549.87,1549.58
dense,Qwen3.5 0.8B,Qwen3.5-0.8B-UD-IQ2_XXS,qwen35 0.8B IQ2_XXS - 2.0625 bpw,512,128000,TG128,89.22453333333333,0.015391339556168032,89.2366,89.2298,89.2072
dense,Qwen3.5 0.8B,Qwen3.5-0.8B-UD-IQ3_XXS,qwen35 0.8B IQ3_XXS - 3.0625 bpw,512,0,PP512,10167.7,2.007485989988437,10169.6,10165.6,10167.9
dense,Qwen3.5 0.8B,Qwen3.5-0.8B-UD-IQ3_XXS,qwen35 0.8B IQ3_XXS - 3.0625 bpw,512,0,PP1024,10012.346666666666,46.015133742425455,10049.4,9960.84,10026.8
dense,Qwen3.5 0.8B,Qwen3.5-0.8B-UD-IQ3_XXS,qwen35 0.8B IQ3_XXS - 3.0625 bpw,512,0,PP2048,9915.123333333333,18.541268385235263,9929.06,9894.08,9922.23
dense,Qwen3.5 0.8B,Qwen3.5-0.8B-UD-IQ3_XXS,qwen35 0.8B IQ3_XXS - 3.0625 bpw,512,0,PP4096,9603.02,7.337649487403811,9601.96,9610.83,9596.27
dense,Qwen3.5 0.8B,Qwen3.5-0.8B-UD-IQ3_XXS,qwen35 0.8B IQ3_XXS - 3.0625 bpw,512,0,TG128,232.38933333333335,0.47094621065821785,232.848,232.413,231.907
dense,Qwen3.5 0.8B,Qwen3.5-0.8B-UD-IQ3_XXS,qwen35 0.8B IQ3_XXS - 3.0625 bpw,512,12000,PP512,6678.18,553.144174243931,6039.48,7001.43,6993.63
dense,Qwen3.5 0.8B,Qwen3.5-0.8B-UD-IQ3_XXS,qwen35 0.8B IQ3_XXS - 3.0625 bpw,512,12000,PP1024,6891.456666666667,3.4964601146489165,6892.49,6894.32,6887.56
dense,Qwen3.5 0.8B,Qwen3.5-0.8B-UD-IQ3_XXS,qwen35 0.8B IQ3_XXS - 3.0625 bpw,512,12000,PP2048,6828.043333333333,14.119717891422004,6834.42,6811.86,6837.85
dense,Qwen3.5 0.8B,Qwen3.5-0.8B-UD-IQ3_XXS,qwen35 0.8B IQ3_XXS - 3.0625 bpw,512,12000,PP4096,6639.996666666667,5.142065084509634,6640.48,6634.63,6644.88
dense,Qwen3.5 0.8B,Qwen3.5-0.8B-UD-IQ3_XXS,qwen35 0.8B IQ3_XXS - 3.0625 bpw,512,12000,TG128,197.83533333333332,0.12689496969279382,197.869,197.695,197.942
dense,Qwen3.5 0.8B,Qwen3.5-0.8B-UD-IQ3_XXS,qwen35 0.8B IQ3_XXS - 3.0625 bpw,512,32000,PP512,4160.156666666667,221.14907671824756,3904.85,4283.25,4292.37
dense,Qwen3.5 0.8B,Qwen3.5-0.8B-UD-IQ3_XXS,qwen35 0.8B IQ3_XXS - 3.0625 bpw,512,32000,PP1024,4260.9,5.775015151494885,4265.86,4254.56,4262.28
dense,Qwen3.5 0.8B,Qwen3.5-0.8B-UD-IQ3_XXS,qwen35 0.8B IQ3_XXS - 3.0625 bpw,512,32000,PP2048,4214.333333333333,5.695896183511,4219.97,4208.58,4214.45
dense,Qwen3.5 0.8B,Qwen3.5-0.8B-UD-IQ3_XXS,qwen35 0.8B IQ3_XXS - 3.0625 bpw,512,32000,PP4096,4070.6833333333334,4.774665782369842,4072.14,4065.35,4074.56
dense,Qwen3.5 0.8B,Qwen3.5-0.8B-UD-IQ3_XXS,qwen35 0.8B IQ3_XXS - 3.0625 bpw,512,32000,TG128,163.21366666666665,0.1347602809930809,163.369,163.144,163.128
dense,Qwen3.5 0.8B,Qwen3.5-0.8B-UD-IQ3_XXS,qwen35 0.8B IQ3_XXS - 3.0625 bpw,512,64000,PP512,2660.983333333333,84.30917288962894,2563.64,2708.54,2710.77
dense,Qwen3.5 0.8B,Qwen3.5-0.8B-UD-IQ3_XXS,qwen35 0.8B IQ3_XXS - 3.0625 bpw,512,64000,PP1024,2700.0699999999997,2.1785545666794017,2701.47,2701.18,2697.56
dense,Qwen3.5 0.8B,Qwen3.5-0.8B-UD-IQ3_XXS,qwen35 0.8B IQ3_XXS - 3.0625 bpw,512,64000,PP2048,2642.58,1.859220266670935,2641.96,2644.67,2641.11
dense,Qwen3.5 0.8B,Qwen3.5-0.8B-UD-IQ3_XXS,qwen35 0.8B IQ3_XXS - 3.0625 bpw,512,64000,PP4096,2603.463333333333,2.264538216355313,2600.87,2605.05,2604.47
dense,Qwen3.5 0.8B,Qwen3.5-0.8B-UD-IQ3_XXS,qwen35 0.8B IQ3_XXS - 3.0625 bpw,512,64000,TG128,126.37033333333333,0.07266590213664714,126.451,126.35,126.31
dense,Qwen3.5 0.8B,Qwen3.5-0.8B-UD-IQ3_XXS,qwen35 0.8B IQ3_XXS - 3.0625 bpw,512,128000,PP512,1564.42,30.40211176875717,1529.32,1581.44,1582.5
dense,Qwen3.5 0.8B,Qwen3.5-0.8B-UD-IQ3_XXS,qwen35 0.8B IQ3_XXS - 3.0625 bpw,512,128000,PP1024,1560.8833333333334,0.760285034268948,1560.18,1561.69,1560.78
dense,Qwen3.5 0.8B,Qwen3.5-0.8B-UD-IQ3_XXS,qwen35 0.8B IQ3_XXS - 3.0625 bpw,512,128000,PP2048,1560.5533333333333,0.24542480178937218,1560.69,1560.7,1560.27
dense,Qwen3.5 0.8B,Qwen3.5-0.8B-UD-IQ3_XXS,qwen35 0.8B IQ3_XXS - 3.0625 bpw,512,128000,PP4096,1550.0633333333333,0.553202795847378,1550.7,1549.79,1549.7
dense,Qwen3.5 0.8B,Qwen3.5-0.8B-UD-IQ3_XXS,qwen35 0.8B IQ3_XXS - 3.0625 bpw,512,128000,TG128,88.1499,0.027114387324818193,88.1692,88.1616,88.1189
dense,Qwen3.5 0.8B,Qwen3.5-0.8B-UD-Q2_K_XL,qwen35 0.8B Q2_K - Medium,512,0,PP512,9613.279999999999,89.0141275304097,9510.63,9669.16,9660.05
dense,Qwen3.5 0.8B,Qwen3.5-0.8B-UD-Q2_K_XL,qwen35 0.8B Q2_K - Medium,512,0,PP1024,9461.283333333333,9.83439033867092,9454.3,9457.02,9472.53
dense,Qwen3.5 0.8B,Qwen3.5-0.8B-UD-Q2_K_XL,qwen35 0.8B Q2_K - Medium,512,0,PP2048,9359.813333333334,29.27220069166934,9390.7,9332.48,9356.26
dense,Qwen3.5 0.8B,Qwen3.5-0.8B-UD-Q2_K_XL,qwen35 0.8B Q2_K - Medium,512,0,PP4096,9073.34,13.408668837732783,9077.44,9084.22,9058.36
dense,Qwen3.5 0.8B,Qwen3.5-0.8B-UD-Q2_K_XL,qwen35 0.8B Q2_K - Medium,512,0,TG128,232.296,0.2816540431096363,232.609,232.216,232.063
dense,Qwen3.5 0.8B,Qwen3.5-0.8B-UD-Q2_K_XL,qwen35 0.8B Q2_K - Medium,512,12000,PP512,6415.673333333333,500.9023957153063,5837.76,6684.25,6725.01
dense,Qwen3.5 0.8B,Qwen3.5-0.8B-UD-Q2_K_XL,qwen35 0.8B Q2_K - Medium,512,12000,PP1024,6666.3,7.6331055278966184,6665.48,6659.11,6674.31
dense,Qwen3.5 0.8B,Qwen3.5-0.8B-UD-Q2_K_XL,qwen35 0.8B Q2_K - Medium,512,12000,PP2048,6592.196666666667,3.0580440371800712,6594.47,6588.72,6593.4
dense,Qwen3.5 0.8B,Qwen3.5-0.8B-UD-Q2_K_XL,qwen35 0.8B Q2_K - Medium,512,12000,PP4096,6381.35,4.846411043236119,6383.58,6384.68,6375.79
dense,Qwen3.5 0.8B,Qwen3.5-0.8B-UD-Q2_K_XL,qwen35 0.8B Q2_K - Medium,512,12000,TG128,197.27866666666668,0.054197170897874875,197.284,197.222,197.33
dense,Qwen3.5 0.8B,Qwen3.5-0.8B-UD-Q2_K_XL,qwen35 0.8B Q2_K - Medium,512,32000,PP512,4071.6033333333335,211.7826898812395,3827.07,4191.75,4195.99
dense,Qwen3.5 0.8B,Qwen3.5-0.8B-UD-Q2_K_XL,qwen35 0.8B Q2_K - Medium,512,32000,PP1024,4166.14,17.78589609775085,4145.89,4173.3,4179.23
dense,Qwen3.5 0.8B,Qwen3.5-0.8B-UD-Q2_K_XL,qwen35 0.8B Q2_K - Medium,512,32000,PP2048,4112.016666666666,12.53933942970391,4120.94,4117.43,4097.68
dense,Qwen3.5 0.8B,Qwen3.5-0.8B-UD-Q2_K_XL,qwen35 0.8B Q2_K - Medium,512,32000,PP4096,3986.3066666666664,6.673719602540435,3992.2,3987.66,3979.06
dense,Qwen3.5 0.8B,Qwen3.5-0.8B-UD-Q2_K_XL,qwen35 0.8B Q2_K - Medium,512,32000,TG128,162.98433333333332,0.09514375088955059,163.093,162.916,162.944
dense,Qwen3.5 0.8B,Qwen3.5-0.8B-UD-Q2_K_XL,qwen35 0.8B Q2_K - Medium,512,64000,PP512,2625.0533333333333,88.13866026513753,2523.31,2673.77,2678.08
dense,Qwen3.5 0.8B,Qwen3.5-0.8B-UD-Q2_K_XL,qwen35 0.8B Q2_K - Medium,512,64000,PP1024,2666.14,2.2654138694727313,2663.9,2668.43,2666.09
dense,Qwen3.5 0.8B,Qwen3.5-0.8B-UD-Q2_K_XL,qwen35 0.8B Q2_K - Medium,512,64000,PP2048,2618.43,1.3904315876735127,2618.39,2617.06,2619.84
dense,Qwen3.5 0.8B,Qwen3.5-0.8B-UD-Q2_K_XL,qwen35 0.8B Q2_K - Medium,512,64000,PP4096,2577.956666666667,0.7614022152143555,2578.69,2578.01,2577.17
dense,Qwen3.5 0.8B,Qwen3.5-0.8B-UD-Q2_K_XL,qwen35 0.8B Q2_K - Medium,512,64000,TG128,126.269,0.03174901573277629,126.305,126.257,126.245
dense,Qwen3.5 0.8B,Qwen3.5-0.8B-UD-Q2_K_XL,qwen35 0.8B Q2_K - Medium,512,128000,PP512,1549.9466666666667,28.249531559538042,1517.34,1567.05,1565.45
dense,Qwen3.5 0.8B,Qwen3.5-0.8B-UD-Q2_K_XL,qwen35 0.8B Q2_K - Medium,512,128000,PP1024,1547.9566666666667,1.3402362975733542,1547.82,1549.36,1546.69
dense,Qwen3.5 0.8B,Qwen3.5-0.8B-UD-Q2_K_XL,qwen35 0.8B Q2_K - Medium,512,128000,PP2048,1548.4366666666667,1.7258717603963152,1548.66,1546.61,1550.04
dense,Qwen3.5 0.8B,Qwen3.5-0.8B-UD-Q2_K_XL,qwen35 0.8B Q2_K - Medium,512,128000,PP4096,1537.1133333333335,0.5036202272877308,1536.89,1537.69,1536.76
dense,Qwen3.5 0.8B,Qwen3.5-0.8B-UD-Q2_K_XL,qwen35 0.8B Q2_K - Medium,512,128000,TG128,88.24173333333333,0.013298997455950841,88.2307,88.2565,88.238
dense,Qwen3.5 0.8B,Qwen3.5-0.8B-UD-Q3_K_XL,qwen35 0.8B Q3_K - Medium,512,0,PP512,10179.5,159.89080648992908,10026.9,10345.8,10165.8
dense,Qwen3.5 0.8B,Qwen3.5-0.8B-UD-Q3_K_XL,qwen35 0.8B Q3_K - Medium,512,0,PP1024,10129.433333333332,60.6318673086462,10090.6,10199.3,10098.4
dense,Qwen3.5 0.8B,Qwen3.5-0.8B-UD-Q3_K_XL,qwen35 0.8B Q3_K - Medium,512,0,PP2048,9973.006666666666,26.40172784749729,9998.51,9945.79,9974.72
dense,Qwen3.5 0.8B,Qwen3.5-0.8B-UD-Q3_K_XL,qwen35 0.8B Q3_K - Medium,512,0,PP4096,9650.746666666666,15.481816215590548,9646.21,9667.99,9638.04
dense,Qwen3.5 0.8B,Qwen3.5-0.8B-UD-Q3_K_XL,qwen35 0.8B Q3_K - Medium,512,0,TG128,221.92066666666668,0.20316085580970833,222.098,221.965,221.699
dense,Qwen3.5 0.8B,Qwen3.5-0.8B-UD-Q3_K_XL,qwen35 0.8B Q3_K - Medium,512,12000,PP512,6721.87,496.1956796466489,6148.92,7005.82,7010.87
dense,Qwen3.5 0.8B,Qwen3.5-0.8B-UD-Q3_K_XL,qwen35 0.8B Q3_K - Medium,512,12000,PP1024,6956.139999999999,4.693953557503625,6961.16,6955.4,6951.86
dense,Qwen3.5 0.8B,Qwen3.5-0.8B-UD-Q3_K_XL,qwen35 0.8B Q3_K - Medium,512,12000,PP2048,6865.35,11.117998920669292,6877.97,6857,6861.08
dense,Qwen3.5 0.8B,Qwen3.5-0.8B-UD-Q3_K_XL,qwen35 0.8B Q3_K - Medium,512,12000,PP4096,6671.49,8.314228767600813,6666.77,6666.61,6681.09
dense,Qwen3.5 0.8B,Qwen3.5-0.8B-UD-Q3_K_XL,qwen35 0.8B Q3_K - Medium,512,12000,TG128,189.67733333333334,0.07324160930327728,189.593,189.714,189.725
dense,Qwen3.5 0.8B,Qwen3.5-0.8B-UD-Q3_K_XL,qwen35 0.8B Q3_K - Medium,512,32000,PP512,4193.776666666667,208.31452477763858,3953.24,4312.81,4315.28
dense,Qwen3.5 0.8B,Qwen3.5-0.8B-UD-Q3_K_XL,qwen35 0.8B Q3_K - Medium,512,32000,PP1024,4300.1466666666665,10.58958135779373,4289.13,4310.25,4301.06
dense,Qwen3.5 0.8B,Qwen3.5-0.8B-UD-Q3_K_XL,qwen35 0.8B Q3_K - Medium,512,32000,PP2048,4204.0633333333335,26.966034809243276,4234.66,4193.77,4183.76
dense,Qwen3.5 0.8B,Qwen3.5-0.8B-UD-Q3_K_XL,qwen35 0.8B Q3_K - Medium,512,32000,PP4096,4083.1866666666665,7.030350868436875,4087.12,4087.37,4075.07
dense,Qwen3.5 0.8B,Qwen3.5-0.8B-UD-Q3_K_XL,qwen35 0.8B Q3_K - Medium,512,32000,TG128,158.38266666666667,0.017925772879668678,158.394,158.392,158.362
dense,Qwen3.5 0.8B,Qwen3.5-0.8B-UD-Q3_K_XL,qwen35 0.8B Q3_K - Medium,512,64000,PP512,2673.3433333333332,87.42937740447027,2572.59,2718.2,2729.24
dense,Qwen3.5 0.8B,Qwen3.5-0.8B-UD-Q3_K_XL,qwen35 0.8B Q3_K - Medium,512,64000,PP1024,2712.4466666666667,1.8728676764077354,2713.17,2710.32,2713.85
dense,Qwen3.5 0.8B,Qwen3.5-0.8B-UD-Q3_K_XL,qwen35 0.8B Q3_K - Medium,512,64000,PP2048,2653.38,1.581518257877407,2655.2,2652.34,2652.6
dense,Qwen3.5 0.8B,Qwen3.5-0.8B-UD-Q3_K_XL,qwen35 0.8B Q3_K - Medium,512,64000,PP4096,2615.25,3.476377424849098,2618.31,2615.97,2611.47
dense,Qwen3.5 0.8B,Qwen3.5-0.8B-UD-Q3_K_XL,qwen35 0.8B Q3_K - Medium,512,64000,TG128,123.20366666666666,0.030088757590392704,123.235,123.175,123.201
dense,Qwen3.5 0.8B,Qwen3.5-0.8B-UD-Q3_K_XL,qwen35 0.8B Q3_K - Medium,512,128000,PP512,1569.7633333333333,30.33892109705506,1534.75,1586.27,1588.27
dense,Qwen3.5 0.8B,Qwen3.5-0.8B-UD-Q3_K_XL,qwen35 0.8B Q3_K - Medium,512,128000,PP1024,1564.3766666666666,0.40203648258997277,1564,1564.8,1564.33
dense,Qwen3.5 0.8B,Qwen3.5-0.8B-UD-Q3_K_XL,qwen35 0.8B Q3_K - Medium,512,128000,PP2048,1567.3366666666666,0.7659199261889716,1568.08,1567.38,1566.55
dense,Qwen3.5 0.8B,Qwen3.5-0.8B-UD-Q3_K_XL,qwen35 0.8B Q3_K - Medium,512,128000,PP4096,1552.7233333333334,2.170813979440245,1550.65,1554.98,1552.54
dense,Qwen3.5 0.8B,Qwen3.5-0.8B-UD-Q3_K_XL,qwen35 0.8B Q3_K - Medium,512,128000,TG128,86.9619,0.022877718417707686,86.9397,86.9606,86.9854
dense,Qwen3.5 0.8B,Qwen3.5-0.8B-UD-Q4_K_XL,qwen35 0.8B Q4_K - Medium,512,0,PP512,10213.966666666667,19.980323654368554,10195.1,10234.9,10211.9
dense,Qwen3.5 0.8B,Qwen3.5-0.8B-UD-Q4_K_XL,qwen35 0.8B Q4_K - Medium,512,0,PP1024,10166.3,37.94258820903011,10143.5,10210.1,10145.3
dense,Qwen3.5 0.8B,Qwen3.5-0.8B-UD-Q4_K_XL,qwen35 0.8B Q4_K - Medium,512,0,PP2048,10039.45,61.94499576236952,10103.5,10035,9979.85
dense,Qwen3.5 0.8B,Qwen3.5-0.8B-UD-Q4_K_XL,qwen35 0.8B Q4_K - Medium,512,0,PP4096,9728.273333333333,28.116746492673993,9699.54,9755.73,9729.55
dense,Qwen3.5 0.8B,Qwen3.5-0.8B-UD-Q4_K_XL,qwen35 0.8B Q4_K - Medium,512,0,TG128,210.91,0.13064072871811222,211.037,210.917,210.776
dense,Qwen3.5 0.8B,Qwen3.5-0.8B-UD-Q4_K_XL,qwen35 0.8B Q4_K - Medium,512,12000,PP512,6748.09,547.8521553302495,6116.1,7039.93,7088.24
dense,Qwen3.5 0.8B,Qwen3.5-0.8B-UD-Q4_K_XL,qwen35 0.8B Q4_K - Medium,512,12000,PP1024,6993.6033333333335,20.252057508641766,7014.02,6973.52,6993.27
dense,Qwen3.5 0.8B,Qwen3.5-0.8B-UD-Q4_K_XL,qwen35 0.8B Q4_K - Medium,512,12000,PP2048,6899.633333333333,5.795483873960045,6906.23,6895.36,6897.31
dense,Qwen3.5 0.8B,Qwen3.5-0.8B-UD-Q4_K_XL,qwen35 0.8B Q4_K - Medium,512,12000,PP4096,6666.88,2.6565391019145372,6667.74,6669,6663.9
dense,Qwen3.5 0.8B,Qwen3.5-0.8B-UD-Q4_K_XL,qwen35 0.8B Q4_K - Medium,512,12000,TG128,181.40833333333333,0.03555746522649264,181.445,181.406,181.374
dense,Qwen3.5 0.8B,Qwen3.5-0.8B-UD-Q4_K_XL,qwen35 0.8B Q4_K - Medium,512,32000,PP512,4215.75,207.15412692003017,3976.56,4333.36,4337.33
dense,Qwen3.5 0.8B,Qwen3.5-0.8B-UD-Q4_K_XL,qwen35 0.8B Q4_K - Medium,512,32000,PP1024,4316.113333333334,5.6982833672374955,4312.47,4313.19,4322.68
dense,Qwen3.5 0.8B,Qwen3.5-0.8B-UD-Q4_K_XL,qwen35 0.8B Q4_K - Medium,512,32000,PP2048,4237.953333333333,20.57921605244811,4253.96,4245.16,4214.74
dense,Qwen3.5 0.8B,Qwen3.5-0.8B-UD-Q4_K_XL,qwen35 0.8B Q4_K - Medium,512,32000,PP4096,4099.763333333333,3.3919365167014655,4101.86,4101.58,4095.85
dense,Qwen3.5 0.8B,Qwen3.5-0.8B-UD-Q4_K_XL,qwen35 0.8B Q4_K - Medium,512,32000,TG128,152.76466666666667,0.05371529887595512,152.826,152.742,152.726
dense,Qwen3.5 0.8B,Qwen3.5-0.8B-UD-Q4_K_XL,qwen35 0.8B Q4_K - Medium,512,64000,PP512,2683.8933333333334,85.9137080641577,2584.69,2733.06,2733.93
dense,Qwen3.5 0.8B,Qwen3.5-0.8B-UD-Q4_K_XL,qwen35 0.8B Q4_K - Medium,512,64000,PP1024,2727.23,2.205425129085107,2728.06,2728.9,2724.73
dense,Qwen3.5 0.8B,Qwen3.5-0.8B-UD-Q4_K_XL,qwen35 0.8B Q4_K - Medium,512,64000,PP2048,2663.4700000000003,0.6148983655856424,2663.96,2663.67,2662.78
dense,Qwen3.5 0.8B,Qwen3.5-0.8B-UD-Q4_K_XL,qwen35 0.8B Q4_K - Medium,512,64000,PP4096,2622.3033333333333,2.701579784743287,2624.03,2619.19,2623.69
dense,Qwen3.5 0.8B,Qwen3.5-0.8B-UD-Q4_K_XL,qwen35 0.8B Q4_K - Medium,512,64000,TG128,119.66066666666667,0.017039170558845844,119.677,119.643,119.662
dense,Qwen3.5 0.8B,Qwen3.5-0.8B-UD-Q4_K_XL,qwen35 0.8B Q4_K - Medium,512,128000,PP512,1573.7366666666667,28.551935719550254,1540.9,1587.6,1592.71
dense,Qwen3.5 0.8B,Qwen3.5-0.8B-UD-Q4_K_XL,qwen35 0.8B Q4_K - Medium,512,128000,PP1024,1566.9933333333333,0.47056703383615117,1567.5,1566.91,1566.57
dense,Qwen3.5 0.8B,Qwen3.5-0.8B-UD-Q4_K_XL,qwen35 0.8B Q4_K - Medium,512,128000,PP2048,1566.3133333333333,0.4266536456346026,1566.76,1566.27,1565.91
dense,Qwen3.5 0.8B,Qwen3.5-0.8B-UD-Q4_K_XL,qwen35 0.8B Q4_K - Medium,512,128000,PP4096,1559.06,0.8809653795694762,1560.01,1558.27,1558.9
dense,Qwen3.5 0.8B,Qwen3.5-0.8B-UD-Q4_K_XL,qwen35 0.8B Q4_K - Medium,512,128000,TG128,85.3374,0.0110394746251765,85.3247,85.3447,85.3428
dense,Qwen3.5 0.8B,Qwen3.5-0.8B-UD-Q5_K_XL,qwen35 0.8B Q5_K - Medium,512,0,PP512,9328.313333333334,60.08483363822635,9298.08,9397.51,9289.35
dense,Qwen3.5 0.8B,Qwen3.5-0.8B-UD-Q5_K_XL,qwen35 0.8B Q5_K - Medium,512,0,PP1024,9251.026666666667,29.76066083495762,9284.62,9240.5,9227.96
dense,Qwen3.5 0.8B,Qwen3.5-0.8B-UD-Q5_K_XL,qwen35 0.8B Q5_K - Medium,512,0,PP2048,9161.846666666666,37.482879202822105,9195.43,9121.41,9168.7
dense,Qwen3.5 0.8B,Qwen3.5-0.8B-UD-Q5_K_XL,qwen35 0.8B Q5_K - Medium,512,0,PP4096,8887.606666666667,21.034914626242482,8886.55,8909.15,8867.12
dense,Qwen3.5 0.8B,Qwen3.5-0.8B-UD-Q5_K_XL,qwen35 0.8B Q5_K - Medium,512,0,TG128,203.75133333333332,0.15637881356927802,203.923,203.714,203.617
dense,Qwen3.5 0.8B,Qwen3.5-0.8B-UD-Q5_K_XL,qwen35 0.8B Q5_K - Medium,512,12000,PP512,6307.236666666667,545.8026183826283,5677.1,6612.49,6632.12
dense,Qwen3.5 0.8B,Qwen3.5-0.8B-UD-Q5_K_XL,qwen35 0.8B Q5_K - Medium,512,12000,PP1024,6590.9766666666665,5.326465369579898,6585.46,6591.38,6596.09
dense,Qwen3.5 0.8B,Qwen3.5-0.8B-UD-Q5_K_XL,qwen35 0.8B Q5_K - Medium,512,12000,PP2048,6500.056666666666,3.4432736361395486,6503.41,6500.23,6496.53
dense,Qwen3.5 0.8B,Qwen3.5-0.8B-UD-Q5_K_XL,qwen35 0.8B Q5_K - Medium,512,12000,PP4096,6293.866666666667,5.7115438660076965,6295.22,6298.78,6287.6
dense,Qwen3.5 0.8B,Qwen3.5-0.8B-UD-Q5_K_XL,qwen35 0.8B Q5_K - Medium,512,12000,TG128,176.34833333333333,0.026350205565303094,176.37,176.356,176.319
dense,Qwen3.5 0.8B,Qwen3.5-0.8B-UD-Q5_K_XL,qwen35 0.8B Q5_K - Medium,512,32000,PP512,4025.366666666667,221.6214162334801,3769.48,4150.56,4156.06
dense,Qwen3.5 0.8B,Qwen3.5-0.8B-UD-Q5_K_XL,qwen35 0.8B Q5_K - Medium,512,32000,PP1024,4142.786666666667,2.298354483828308,4142.93,4145.01,4140.42
dense,Qwen3.5 0.8B,Qwen3.5-0.8B-UD-Q5_K_XL,qwen35 0.8B Q5_K - Medium,512,32000,PP2048,4116.796666666667,3.7714762803621813,4114.9,4121.14,4114.35
dense,Qwen3.5 0.8B,Qwen3.5-0.8B-UD-Q5_K_XL,qwen35 0.8B Q5_K - Medium,512,32000,PP4096,3971.9,5.123543695529345,3977.72,3969.91,3968.07
dense,Qwen3.5 0.8B,Qwen3.5-0.8B-UD-Q5_K_XL,qwen35 0.8B Q5_K - Medium,512,32000,TG128,149.32833333333332,0.08224556725643291,149.42,149.304,149.261
dense,Qwen3.5 0.8B,Qwen3.5-0.8B-UD-Q5_K_XL,qwen35 0.8B Q5_K - Medium,512,64000,PP512,2606.2366666666667,106.2504495676762,2483.55,2667.96,2667.2
dense,Qwen3.5 0.8B,Qwen3.5-0.8B-UD-Q5_K_XL,qwen35 0.8B Q5_K - Medium,512,64000,PP1024,2660.0733333333333,2.3839532993188155,2662.71,2658.07,2659.44
dense,Qwen3.5 0.8B,Qwen3.5-0.8B-UD-Q5_K_XL,qwen35 0.8B Q5_K - Medium,512,64000,PP2048,2606.753333333333,5.327122425224879,2611.25,2608.14,2600.87
dense,Qwen3.5 0.8B,Qwen3.5-0.8B-UD-Q5_K_XL,qwen35 0.8B Q5_K - Medium,512,64000,PP4096,2566.826666666667,0.5934082349726074,2567.5,2566.6,2566.38
dense,Qwen3.5 0.8B,Qwen3.5-0.8B-UD-Q5_K_XL,qwen35 0.8B Q5_K - Medium,512,64000,TG128,117.49300000000001,0.05173973328110487,117.537,117.436,117.506
dense,Qwen3.5 0.8B,Qwen3.5-0.8B-UD-Q5_K_XL,qwen35 0.8B Q5_K - Medium,512,128000,PP512,1541.8133333333333,34.6876207505406,1501.76,1561.67,1562.01
dense,Qwen3.5 0.8B,Qwen3.5-0.8B-UD-Q5_K_XL,qwen35 0.8B Q5_K - Medium,512,128000,PP1024,1543.0133333333333,0.5870547958524883,1543.15,1543.52,1542.37
dense,Qwen3.5 0.8B,Qwen3.5-0.8B-UD-Q5_K_XL,qwen35 0.8B Q5_K - Medium,512,128000,PP2048,1542.2466666666667,0.8528970238740764,1541.63,1541.89,1543.22
dense,Qwen3.5 0.8B,Qwen3.5-0.8B-UD-Q5_K_XL,qwen35 0.8B Q5_K - Medium,512,128000,PP4096,1535.0966666666666,1.001665280087816,1536.23,1534.33,1534.73
dense,Qwen3.5 0.8B,Qwen3.5-0.8B-UD-Q5_K_XL,qwen35 0.8B Q5_K - Medium,512,128000,TG128,84.14653333333334,0.025364607888421233,84.1283,84.1358,84.1755
dense,Qwen3.5 0.8B,Qwen3.5-0.8B-UD-Q6_K_XL,qwen35 0.8B Q6_K,512,0,PP512,10178.733333333334,15.984471631347677,10192.7,10182.2,10161.3
dense,Qwen3.5 0.8B,Qwen3.5-0.8B-UD-Q6_K_XL,qwen35 0.8B Q6_K,512,0,PP1024,10051.733333333334,19.79755877206398,10070.3,10054,10030.9
dense,Qwen3.5 0.8B,Qwen3.5-0.8B-UD-Q6_K_XL,qwen35 0.8B Q6_K,512,0,PP2048,9987.903333333334,5.61107238710516,9990.19,9992.01,9981.51
dense,Qwen3.5 0.8B,Qwen3.5-0.8B-UD-Q6_K_XL,qwen35 0.8B Q6_K,512,0,PP4096,9681.453333333333,12.755925420499233,9679.43,9695.1,9669.83
dense,Qwen3.5 0.8B,Qwen3.5-0.8B-UD-Q6_K_XL,qwen35 0.8B Q6_K,512,0,TG128,181.68166666666667,0.038083242158907085,181.674,181.723,181.648
dense,Qwen3.5 0.8B,Qwen3.5-0.8B-UD-Q6_K_XL,qwen35 0.8B Q6_K,512,12000,PP512,6648.653333333334,663.2870709830948,5882.76,7029.3,7033.9
dense,Qwen3.5 0.8B,Qwen3.5-0.8B-UD-Q6_K_XL,qwen35 0.8B Q6_K,512,12000,PP1024,6990.573333333334,5.22044378700996,6996.41,6988.96,6986.35
dense,Qwen3.5 0.8B,Qwen3.5-0.8B-UD-Q6_K_XL,qwen35 0.8B Q6_K,512,12000,PP2048,6858.883333333333,18.81107741022103,6857.74,6840.67,6878.24
dense,Qwen3.5 0.8B,Qwen3.5-0.8B-UD-Q6_K_XL,qwen35 0.8B Q6_K,512,12000,PP4096,6653.466666666667,11.871269238515847,6660.17,6639.76,6660.47
dense,Qwen3.5 0.8B,Qwen3.5-0.8B-UD-Q6_K_XL,qwen35 0.8B Q6_K,512,12000,TG128,159.91133333333332,0.1382039555632572,160.045,159.769,159.92
dense,Qwen3.5 0.8B,Qwen3.5-0.8B-UD-Q6_K_XL,qwen35 0.8B Q6_K,512,32000,PP512,4155.04,253.0382168764235,3862.88,4297.92,4304.32
dense,Qwen3.5 0.8B,Qwen3.5-0.8B-UD-Q6_K_XL,qwen35 0.8B Q6_K,512,32000,PP1024,4288.946666666667,2.0001333288889396,4290,4286.64,4290.2
dense,Qwen3.5 0.8B,Qwen3.5-0.8B-UD-Q6_K_XL,qwen35 0.8B Q6_K,512,32000,PP2048,4255.803333333333,1.5231655633362178,4255.69,4257.38,4254.34
dense,Qwen3.5 0.8B,Qwen3.5-0.8B-UD-Q6_K_XL,qwen35 0.8B Q6_K,512,32000,PP4096,4187.383333333333,1.56848121867385,4189.19,4186.59,4186.37
dense,Qwen3.5 0.8B,Qwen3.5-0.8B-UD-Q6_K_XL,qwen35 0.8B Q6_K,512,32000,TG128,137.39466666666667,0.05909596714948391,137.458,137.385,137.341
dense,Qwen3.5 0.8B,Qwen3.5-0.8B-UD-Q6_K_XL,qwen35 0.8B Q6_K,512,64000,PP512,2658.003333333333,101.72821257317621,2540.54,2717.37,2716.1
dense,Qwen3.5 0.8B,Qwen3.5-0.8B-UD-Q6_K_XL,qwen35 0.8B Q6_K,512,64000,PP1024,2712.1633333333334,2.291731514234099,2714.8,2711.04,2710.65
dense,Qwen3.5 0.8B,Qwen3.5-0.8B-UD-Q6_K_XL,qwen35 0.8B Q6_K,512,64000,PP2048,2672.96,8.322577725681018,2682.57,2668.12,2668.19
dense,Qwen3.5 0.8B,Qwen3.5-0.8B-UD-Q6_K_XL,qwen35 0.8B Q6_K,512,64000,PP4096,2620.72,1.1625833303466806,2622.06,2620.12,2619.98
dense,Qwen3.5 0.8B,Qwen3.5-0.8B-UD-Q6_K_XL,qwen35 0.8B Q6_K,512,64000,TG128,110.431,0.03609709129555785,110.417,110.472,110.404
dense,Qwen3.5 0.8B,Qwen3.5-0.8B-UD-Q6_K_XL,qwen35 0.8B Q6_K,512,128000,PP512,1564.58,37.64768651590689,1521.21,1588.84,1583.69
dense,Qwen3.5 0.8B,Qwen3.5-0.8B-UD-Q6_K_XL,qwen35 0.8B Q6_K,512,128000,PP1024,1563.7733333333333,2.286751699099239,1566.22,1563.41,1561.69
dense,Qwen3.5 0.8B,Qwen3.5-0.8B-UD-Q6_K_XL,qwen35 0.8B Q6_K,512,128000,PP2048,1562.34,0.5766281297334885,1562.79,1562.54,1561.69
dense,Qwen3.5 0.8B,Qwen3.5-0.8B-UD-Q6_K_XL,qwen35 0.8B Q6_K,512,128000,PP4096,1554.78,0.2628687885618711,1555.08,1554.59,1554.67
dense,Qwen3.5 0.8B,Qwen3.5-0.8B-UD-Q6_K_XL,qwen35 0.8B Q6_K,512,128000,TG128,80.31226666666667,0.0303579204382213,80.2787,80.3203,80.3378
dense,Qwen3.5 0.8B,Qwen3.5-0.8B-UD-Q8_K_XL,qwen35 0.8B Q8_0,512,0,PP512,9887.013333333334,10.842459745525414,9882.12,9879.48,9899.44
dense,Qwen3.5 0.8B,Qwen3.5-0.8B-UD-Q8_K_XL,qwen35 0.8B Q8_0,512,0,PP1024,9911.956666666667,39.10346574580517,9956.36,9896.85,9882.66
dense,Qwen3.5 0.8B,Qwen3.5-0.8B-UD-Q8_K_XL,qwen35 0.8B Q8_0,512,0,PP2048,9819.640000000001,17.007207295732197,9837.7,9817.29,9803.93
dense,Qwen3.5 0.8B,Qwen3.5-0.8B-UD-Q8_K_XL,qwen35 0.8B Q8_0,512,0,PP4096,9477.236666666668,29.916654781799032,9511.77,9459.2,9460.74
dense,Qwen3.5 0.8B,Qwen3.5-0.8B-UD-Q8_K_XL,qwen35 0.8B Q8_0,512,0,TG128,133.96866666666668,0.004163331998936216,133.972,133.964,133.97
dense,Qwen3.5 0.8B,Qwen3.5-0.8B-UD-Q8_K_XL,qwen35 0.8B Q8_0,512,12000,PP512,6551.56,536.3299873212387,5932.29,6855.87,6866.52
dense,Qwen3.5 0.8B,Qwen3.5-0.8B-UD-Q8_K_XL,qwen35 0.8B Q8_0,512,12000,PP1024,6882.64,10.909211703876885,6893.72,6882.29,6871.91
dense,Qwen3.5 0.8B,Qwen3.5-0.8B-UD-Q8_K_XL,qwen35 0.8B Q8_0,512,12000,PP2048,6808.656666666667,13.763917804656385,6820.55,6811.84,6793.58
dense,Qwen3.5 0.8B,Qwen3.5-0.8B-UD-Q8_K_XL,qwen35 0.8B Q8_0,512,12000,PP4096,6600.316666666667,16.73762328807007,6615.68,6582.48,6602.79
dense,Qwen3.5 0.8B,Qwen3.5-0.8B-UD-Q8_K_XL,qwen35 0.8B Q8_0,512,12000,TG128,122.015,0.04288356328478476,122.062,122.005,121.978
dense,Qwen3.5 0.8B,Qwen3.5-0.8B-UD-Q8_K_XL,qwen35 0.8B Q8_0,512,32000,PP512,4137.786666666667,213.74884077658368,3891.76,4243.72,4277.88
dense,Qwen3.5 0.8B,Qwen3.5-0.8B-UD-Q8_K_XL,qwen35 0.8B Q8_0,512,32000,PP1024,4255.326666666667,6.662134292652135,4247.92,4260.83,4257.23
dense,Qwen3.5 0.8B,Qwen3.5-0.8B-UD-Q8_K_XL,qwen35 0.8B Q8_0,512,32000,PP2048,4245.5199999999995,2.478245347014403,4246.11,4247.65,4242.8
dense,Qwen3.5 0.8B,Qwen3.5-0.8B-UD-Q8_K_XL,qwen35 0.8B Q8_0,512,32000,PP4096,4165.296666666667,2.4158297401375175,4162.51,4166.8,4166.58
dense,Qwen3.5 0.8B,Qwen3.5-0.8B-UD-Q8_K_XL,qwen35 0.8B Q8_0,512,32000,TG128,108.73666666666666,0.014224392195565731,108.753,108.727,108.73
dense,Qwen3.5 0.8B,Qwen3.5-0.8B-UD-Q8_K_XL,qwen35 0.8B Q8_0,512,64000,PP512,2643.8966666666665,83.76775115361117,2547.17,2692.27,2692.25
dense,Qwen3.5 0.8B,Qwen3.5-0.8B-UD-Q8_K_XL,qwen35 0.8B Q8_0,512,64000,PP1024,2698.976666666667,1.280013020767109,2700.4,2698.61,2697.92
dense,Qwen3.5 0.8B,Qwen3.5-0.8B-UD-Q8_K_XL,qwen35 0.8B Q8_0,512,64000,PP2048,2682.3866666666668,1.4937313457690495,2680.67,2683.1,2683.39
dense,Qwen3.5 0.8B,Qwen3.5-0.8B-UD-Q8_K_XL,qwen35 0.8B Q8_0,512,64000,PP4096,2615.9366666666665,5.187892957004137,2621.7,2614.47,2611.64
dense,Qwen3.5 0.8B,Qwen3.5-0.8B-UD-Q8_K_XL,qwen35 0.8B Q8_0,512,64000,TG128,90.8097,0.055286435949516044,90.798,90.7612,90.8699
dense,Qwen3.5 0.8B,Qwen3.5-0.8B-UD-Q8_K_XL,qwen35 0.8B Q8_0,512,128000,PP512,1555.9733333333334,27.682290969739757,1524.02,1571.21,1572.69
dense,Qwen3.5 0.8B,Qwen3.5-0.8B-UD-Q8_K_XL,qwen35 0.8B Q8_0,512,128000,PP1024,1558.3933333333334,1.3704135628828937,1558.63,1559.63,1556.92
dense,Qwen3.5 0.8B,Qwen3.5-0.8B-UD-Q8_K_XL,qwen35 0.8B Q8_0,512,128000,PP2048,1561.4933333333333,0.5838949677239268,1561.86,1561.8,1560.82
dense,Qwen3.5 0.8B,Qwen3.5-0.8B-UD-Q8_K_XL,qwen35 0.8B Q8_0,512,128000,PP4096,1551.3666666666668,0.8588558280253936,1551.16,1552.31,1550.63
dense,Qwen3.5 0.8B,Qwen3.5-0.8B-UD-Q8_K_XL,qwen35 0.8B Q8_0,512,128000,TG128,69.35183333333333,0.008435836255718634,69.3579,69.3422,69.3554
moe,Qwen3.6 35B A3B,Qwen3.6-35B-A3B-MXFP4_MOE,qwen35moe 35B.A3B MXFP4 MoE,2048,0,PP512,1700.5033333333333,5.896306753666583,1701.76,1694.08,1705.67
moe,Qwen3.6 35B A3B,Qwen3.6-35B-A3B-MXFP4_MOE,qwen35moe 35B.A3B MXFP4 MoE,2048,0,PP1024,2044.12,4.879538912643315,2045.95,2047.82,2038.59
moe,Qwen3.6 35B A3B,Qwen3.6-35B-A3B-MXFP4_MOE,qwen35moe 35B.A3B MXFP4 MoE,2048,0,PP2048,2281.68,1.4042435686161028,2281.98,2282.91,2280.15
moe,Qwen3.6 35B A3B,Qwen3.6-35B-A3B-MXFP4_MOE,qwen35moe 35B.A3B MXFP4 MoE,2048,0,PP4096,2216.3166666666666,4.531581769463483,2221.48,2214.47,2213
moe,Qwen3.6 35B A3B,Qwen3.6-35B-A3B-MXFP4_MOE,qwen35moe 35B.A3B MXFP4 MoE,2048,0,TG128,61.4143,0.02238124214604645,61.3885,61.4285,61.4259
moe,Qwen3.6 35B A3B,Qwen3.6-35B-A3B-MXFP4_MOE,qwen35moe 35B.A3B MXFP4 MoE,2048,12000,PP512,1299.6366666666668,73.88857918063742,1214.41,1345.69,1338.81
moe,Qwen3.6 35B A3B,Qwen3.6-35B-A3B-MXFP4_MOE,qwen35moe 35B.A3B MXFP4 MoE,2048,12000,PP1024,1545.36,47.31580285697367,1490.74,1571.54,1573.8
moe,Qwen3.6 35B A3B,Qwen3.6-35B-A3B-MXFP4_MOE,qwen35moe 35B.A3B MXFP4 MoE,2048,12000,PP2048,1703.2666666666667,25.88570326132415,1673.38,1718.61,1717.81
moe,Qwen3.6 35B A3B,Qwen3.6-35B-A3B-MXFP4_MOE,qwen35moe 35B.A3B MXFP4 MoE,2048,12000,PP4096,1662.9866666666667,1.7046211700355636,1663.9,1664.04,1661.02
moe,Qwen3.6 35B A3B,Qwen3.6-35B-A3B-MXFP4_MOE,qwen35moe 35B.A3B MXFP4 MoE,2048,12000,TG128,57.05126666666666,0.010435675988327554,57.0395,57.0594,57.0549
moe,Qwen3.6 35B A3B,Qwen3.6-35B-A3B-MXFP4_MOE,qwen35moe 35B.A3B MXFP4 MoE,2048,32000,PP512,905.0306666666667,34.71998139880454,864.994,923.239,926.859
moe,Qwen3.6 35B A3B,Qwen3.6-35B-A3B-MXFP4_MOE,qwen35moe 35B.A3B MXFP4 MoE,2048,32000,PP1024,1033.3500000000001,21.953995080622622,1008,1045.92,1046.13
moe,Qwen3.6 35B A3B,Qwen3.6-35B-A3B-MXFP4_MOE,qwen35moe 35B.A3B MXFP4 MoE,2048,32000,PP2048,1110.7533333333333,13.719410823112465,1095.1,1120.69,1116.47
moe,Qwen3.6 35B A3B,Qwen3.6-35B-A3B-MXFP4_MOE,qwen35moe 35B.A3B MXFP4 MoE,2048,32000,PP4096,1102.32,1.369233362141086,1101.58,1103.9,1101.48
moe,Qwen3.6 35B A3B,Qwen3.6-35B-A3B-MXFP4_MOE,qwen35moe 35B.A3B MXFP4 MoE,2048,32000,TG128,52.070299999999996,0.0008185352771857714,52.0712,52.0696,52.0701
moe,Qwen3.6 35B A3B,Qwen3.6-35B-A3B-MXFP4_MOE,qwen35moe 35B.A3B MXFP4 MoE,2048,64000,PP512,633.639,17.948594680364273,612.914,644.09,643.913
moe,Qwen3.6 35B A3B,Qwen3.6-35B-A3B-MXFP4_MOE,qwen35moe 35B.A3B MXFP4 MoE,2048,64000,PP1024,689.6123333333334,11.940481160042639,675.83,696.836,696.171
moe,Qwen3.6 35B A3B,Qwen3.6-35B-A3B-MXFP4_MOE,qwen35moe 35B.A3B MXFP4 MoE,2048,64000,PP2048,726.8366666666667,2.7988319587523622,723.632,728.801,728.077
moe,Qwen3.6 35B A3B,Qwen3.6-35B-A3B-MXFP4_MOE,qwen35moe 35B.A3B MXFP4 MoE,2048,64000,PP4096,719.33,0.9291033311747512,720.042,718.279,719.669
moe,Qwen3.6 35B A3B,Qwen3.6-35B-A3B-MXFP4_MOE,qwen35moe 35B.A3B MXFP4 MoE,2048,64000,TG128,45.3109,0.0018681541692277212,45.3092,45.3106,45.3129
moe,Qwen3.6 35B A3B,Qwen3.6-35B-A3B-MXFP4_MOE,qwen35moe 35B.A3B MXFP4 MoE,2048,128000,PP512,395.8066666666667,7.852025492402148,386.771,399.675,400.974
moe,Qwen3.6 35B A3B,Qwen3.6-35B-A3B-MXFP4_MOE,qwen35moe 35B.A3B MXFP4 MoE,2048,128000,PP1024,414.999,4.249511854319259,410.093,417.37,417.534
moe,Qwen3.6 35B A3B,Qwen3.6-35B-A3B-MXFP4_MOE,qwen35moe 35B.A3B MXFP4 MoE,2048,128000,PP2048,427.131,1.758476329098579,425.128,427.844,428.421
moe,Qwen3.6 35B A3B,Qwen3.6-35B-A3B-MXFP4_MOE,qwen35moe 35B.A3B MXFP4 MoE,2048,128000,PP4096,426.209,0.58596330943158,426.736,426.313,425.578
moe,Qwen3.6 35B A3B,Qwen3.6-35B-A3B-MXFP4_MOE,qwen35moe 35B.A3B MXFP4 MoE,2048,128000,TG128,35.98716666666667,0.003764748774267199,35.9853,35.9847,35.9915
moe,Qwen3.6 35B A3B,Qwen3.6-35B-A3B-Q8_0,qwen35moe 35B.A3B Q8_0,2048,0,PP512,1889.0566666666666,94.48990439900622,1781.72,1959.68,1925.77
moe,Qwen3.6 35B A3B,Qwen3.6-35B-A3B-Q8_0,qwen35moe 35B.A3B Q8_0,2048,0,PP1024,2264.8966666666665,4.041439512517035,2265.16,2260.73,2268.8
moe,Qwen3.6 35B A3B,Qwen3.6-35B-A3B-Q8_0,qwen35moe 35B.A3B Q8_0,2048,0,PP2048,2448.71,1.0245486811273385,2447.59,2448.94,2449.6
moe,Qwen3.6 35B A3B,Qwen3.6-35B-A3B-Q8_0,qwen35moe 35B.A3B Q8_0,2048,0,PP4096,2377.2999999999997,2.053655277791183,2378.95,2375,2377.95
moe,Qwen3.6 35B A3B,Qwen3.6-35B-A3B-Q8_0,qwen35moe 35B.A3B Q8_0,2048,0,TG128,53.486333333333334,0.01856888077761898,53.4708,53.4813,53.5069
moe,Qwen3.6 35B A3B,Qwen3.6-35B-A3B-Q8_0,qwen35moe 35B.A3B Q8_0,2048,12000,PP512,1442.39,86.87316501659178,1342.13,1489.71,1495.33
moe,Qwen3.6 35B A3B,Qwen3.6-35B-A3B-Q8_0,qwen35moe 35B.A3B Q8_0,2048,12000,PP1024,1675.9166666666667,63.47680862593318,1602.62,1712.5,1712.63
moe,Qwen3.6 35B A3B,Qwen3.6-35B-A3B-Q8_0,qwen35moe 35B.A3B Q8_0,2048,12000,PP2048,1801.8466666666666,32.965000126396724,1763.81,1819.6,1822.13
moe,Qwen3.6 35B A3B,Qwen3.6-35B-A3B-Q8_0,qwen35moe 35B.A3B Q8_0,2048,12000,PP4096,1758.9733333333334,2.438059337533255,1761.78,1757.38,1757.76
moe,Qwen3.6 35B A3B,Qwen3.6-35B-A3B-Q8_0,qwen35moe 35B.A3B Q8_0,2048,12000,TG128,50.2076,0.011323868596906046,50.203,50.1993,50.2205
moe,Qwen3.6 35B A3B,Qwen3.6-35B-A3B-Q8_0,qwen35moe 35B.A3B Q8_0,2048,32000,PP512,971.3006666666666,40.345469799388034,924.734,995.774,993.394
moe,Qwen3.6 35B A3B,Qwen3.6-35B-A3B-Q8_0,qwen35moe 35B.A3B Q8_0,2048,32000,PP1024,1082.4033333333332,29.545169373915172,1048.36,1097.5,1101.35
moe,Qwen3.6 35B A3B,Qwen3.6-35B-A3B-Q8_0,qwen35moe 35B.A3B Q8_0,2048,32000,PP2048,1154.77,15.592469336189227,1136.83,1162.42,1165.06
moe,Qwen3.6 35B A3B,Qwen3.6-35B-A3B-Q8_0,qwen35moe 35B.A3B Q8_0,2048,32000,PP4096,1135.9066666666668,2.194090548116249,1136.73,1133.42,1137.57
moe,Qwen3.6 35B A3B,Qwen3.6-35B-A3B-Q8_0,qwen35moe 35B.A3B Q8_0,2048,32000,TG128,46.4306,0.0012529964086166337,46.4318,46.4293,46.4307
moe,Qwen3.6 35B A3B,Qwen3.6-35B-A3B-Q8_0,qwen35moe 35B.A3B Q8_0,2048,64000,PP512,656.6226666666666,29.437437411115315,622.634,673.242,673.992
moe,Qwen3.6 35B A3B,Qwen3.6-35B-A3B-Q8_0,qwen35moe 35B.A3B Q8_0,2048,64000,PP1024,713.5153333333333,12.343981380953771,699.275,721.168,720.103
moe,Qwen3.6 35B A3B,Qwen3.6-35B-A3B-Q8_0,qwen35moe 35B.A3B Q8_0,2048,64000,PP2048,745.355,5.944241499131722,738.572,749.656,747.837
moe,Qwen3.6 35B A3B,Qwen3.6-35B-A3B-Q8_0,qwen35moe 35B.A3B Q8_0,2048,64000,PP4096,734.4216666666666,0.6623853359890892,735.186,734.064,734.015
moe,Qwen3.6 35B A3B,Qwen3.6-35B-A3B-Q8_0,qwen35moe 35B.A3B Q8_0,2048,64000,TG128,40.9724,0.0029816103031738853,40.9719,40.9697,40.9756
moe,Qwen3.6 35B A3B,Qwen3.6-35B-A3B-Q8_0,qwen35moe 35B.A3B Q8_0,2048,128000,PP512,406.56666666666666,7.6585527571032195,397.743,411.489,410.468
moe,Qwen3.6 35B A3B,Qwen3.6-35B-A3B-Q8_0,qwen35moe 35B.A3B Q8_0,2048,128000,PP1024,422.0516666666667,3.846952083576468,417.836,425.372,422.947
moe,Qwen3.6 35B A3B,Qwen3.6-35B-A3B-Q8_0,qwen35moe 35B.A3B Q8_0,2048,128000,PP2048,432.93333333333334,2.859023318081438,429.635,434.461,434.704
moe,Qwen3.6 35B A3B,Qwen3.6-35B-A3B-Q8_0,qwen35moe 35B.A3B Q8_0,2048,128000,PP4096,431.4073333333333,0.10726291686008373,431.296,431.51,431.416
moe,Qwen3.6 35B A3B,Qwen3.6-35B-A3B-Q8_0,qwen35moe 35B.A3B Q8_0,2048,128000,TG128,33.17913333333333,0.004129568177587274,33.181,33.182,33.1744
moe,Qwen3.6 35B A3B,Qwen3.6-35B-A3B-UD-IQ1_M,qwen35moe 35B.A3B IQ1_M - 1.75 bpw,2048,0,PP512,1389.22,6.620022658571422,1395.35,1390.11,1382.2
moe,Qwen3.6 35B A3B,Qwen3.6-35B-A3B-UD-IQ1_M,qwen35moe 35B.A3B IQ1_M - 1.75 bpw,2048,0,PP1024,1759.2733333333333,7.881499434329269,1753.97,1768.33,1755.52
moe,Qwen3.6 35B A3B,Qwen3.6-35B-A3B-UD-IQ1_M,qwen35moe 35B.A3B IQ1_M - 1.75 bpw,2048,0,PP2048,2034.6766666666667,5.816410691597778,2027.97,2037.72,2038.34
moe,Qwen3.6 35B A3B,Qwen3.6-35B-A3B-UD-IQ1_M,qwen35moe 35B.A3B IQ1_M - 1.75 bpw,2048,0,PP4096,1996.03,1.8790423092628532,1993.91,1996.69,1997.49
moe,Qwen3.6 35B A3B,Qwen3.6-35B-A3B-UD-IQ1_M,qwen35moe 35B.A3B IQ1_M - 1.75 bpw,2048,0,TG128,74.0497,0.022991520175923125,74.0317,74.0418,74.0756
moe,Qwen3.6 35B A3B,Qwen3.6-35B-A3B-UD-IQ1_M,qwen35moe 35B.A3B IQ1_M - 1.75 bpw,2048,12000,PP512,1097.9033333333334,52.723268424229246,1037.18,1132.04,1124.49
moe,Qwen3.6 35B A3B,Qwen3.6-35B-A3B-UD-IQ1_M,qwen35moe 35B.A3B IQ1_M - 1.75 bpw,2048,12000,PP1024,1365.0366666666666,49.41073398901634,1308.56,1386.26,1400.29
moe,Qwen3.6 35B A3B,Qwen3.6-35B-A3B-UD-IQ1_M,qwen35moe 35B.A3B IQ1_M - 1.75 bpw,2048,12000,PP2048,1561.21,35.57785406682078,1520.13,1581.42,1582.08
moe,Qwen3.6 35B A3B,Qwen3.6-35B-A3B-UD-IQ1_M,qwen35moe 35B.A3B IQ1_M - 1.75 bpw,2048,12000,PP4096,1535.6133333333335,2.089984050975779,1538.01,1534.17,1534.66
moe,Qwen3.6 35B A3B,Qwen3.6-35B-A3B-UD-IQ1_M,qwen35moe 35B.A3B IQ1_M - 1.75 bpw,2048,12000,TG128,67.3637,0.02031674186477476,67.3656,67.383,67.3425
moe,Qwen3.6 35B A3B,Qwen3.6-35B-A3B-UD-IQ1_M,qwen35moe 35B.A3B IQ1_M - 1.75 bpw,2048,32000,PP512,803.918,30.68664856252638,768.718,825.038,817.998
moe,Qwen3.6 35B A3B,Qwen3.6-35B-A3B-UD-IQ1_M,qwen35moe 35B.A3B IQ1_M - 1.75 bpw,2048,32000,PP1024,943.57,26.561495948082413,913.623,964.279,952.808
moe,Qwen3.6 35B A3B,Qwen3.6-35B-A3B-UD-IQ1_M,qwen35moe 35B.A3B IQ1_M - 1.75 bpw,2048,32000,PP2048,1041.9133333333334,8.618772147663096,1032.21,1048.68,1044.85
moe,Qwen3.6 35B A3B,Qwen3.6-35B-A3B-UD-IQ1_M,qwen35moe 35B.A3B IQ1_M - 1.75 bpw,2048,32000,PP4096,1026.7066666666667,1.6235865647798267,1027.35,1024.86,1027.91
moe,Qwen3.6 35B A3B,Qwen3.6-35B-A3B-UD-IQ1_M,qwen35moe 35B.A3B IQ1_M - 1.75 bpw,2048,32000,TG128,60.54116666666666,0.01212861629920534,60.5464,60.5273,60.5498
moe,Qwen3.6 35B A3B,Qwen3.6-35B-A3B-UD-IQ1_M,qwen35moe 35B.A3B IQ1_M - 1.75 bpw,2048,64000,PP512,583.3443333333333,17.29516262812619,563.374,593.22,593.439
moe,Qwen3.6 35B A3B,Qwen3.6-35B-A3B-UD-IQ1_M,qwen35moe 35B.A3B IQ1_M - 1.75 bpw,2048,64000,PP1024,653.045,11.206368769588106,640.11,659.201,659.824
moe,Qwen3.6 35B A3B,Qwen3.6-35B-A3B-UD-IQ1_M,qwen35moe 35B.A3B IQ1_M - 1.75 bpw,2048,64000,PP2048,702.0400000000001,6.502934491443075,694.532,705.691,705.897
moe,Qwen3.6 35B A3B,Qwen3.6-35B-A3B-UD-IQ1_M,qwen35moe 35B.A3B IQ1_M - 1.75 bpw,2048,64000,PP4096,695.007,0.18874056267800182,695.133,695.098,694.79
moe,Qwen3.6 35B A3B,Qwen3.6-35B-A3B-UD-IQ1_M,qwen35moe 35B.A3B IQ1_M - 1.75 bpw,2048,64000,TG128,51.572500000000005,0.011357816691600978,51.5645,51.5675,51.5855
moe,Qwen3.6 35B A3B,Qwen3.6-35B-A3B-UD-IQ1_M,qwen35moe 35B.A3B IQ1_M - 1.75 bpw,2048,128000,PP512,375.89733333333334,7.779008762903726,366.982,379.406,381.304
moe,Qwen3.6 35B A3B,Qwen3.6-35B-A3B-UD-IQ1_M,qwen35moe 35B.A3B IQ1_M - 1.75 bpw,2048,128000,PP1024,400.806,4.233478357095976,395.928,402.969,403.521
moe,Qwen3.6 35B A3B,Qwen3.6-35B-A3B-UD-IQ1_M,qwen35moe 35B.A3B IQ1_M - 1.75 bpw,2048,128000,PP2048,418.19966666666664,2.713121142399141,415.076,419.554,419.969
moe,Qwen3.6 35B A3B,Qwen3.6-35B-A3B-UD-IQ1_M,qwen35moe 35B.A3B IQ1_M - 1.75 bpw,2048,128000,PP4096,416.49033333333335,0.5178400653998745,416.997,416.512,415.962
moe,Qwen3.6 35B A3B,Qwen3.6-35B-A3B-UD-IQ1_M,qwen35moe 35B.A3B IQ1_M - 1.75 bpw,2048,128000,TG128,39.81603333333333,0.02085793214423185,39.8069,39.8399,39.8013
moe,Qwen3.6 35B A3B,Qwen3.6-35B-A3B-UD-IQ2_M,qwen35moe 35B.A3B IQ2_M - 2.7 bpw,2048,0,PP512,1382.8500000000001,13.099416017517726,1368.92,1384.71,1394.92
moe,Qwen3.6 35B A3B,Qwen3.6-35B-A3B-UD-IQ2_M,qwen35moe 35B.A3B IQ2_M - 2.7 bpw,2048,0,PP1024,1742.08,16.08218579671316,1744.67,1756.71,1724.86
moe,Qwen3.6 35B A3B,Qwen3.6-35B-A3B-UD-IQ2_M,qwen35moe 35B.A3B IQ2_M - 2.7 bpw,2048,0,PP2048,2031.7166666666667,11.970815900903917,2024.04,2025.6,2045.51
moe,Qwen3.6 35B A3B,Qwen3.6-35B-A3B-UD-IQ2_M,qwen35moe 35B.A3B IQ2_M - 2.7 bpw,2048,0,PP4096,1982.6533333333334,0.6013595707505159,1982.45,1983.33,1982.18
moe,Qwen3.6 35B A3B,Qwen3.6-35B-A3B-UD-IQ2_M,qwen35moe 35B.A3B IQ2_M - 2.7 bpw,2048,0,TG128,73.85926666666667,0.04369637666138181,73.8918,73.8764,73.8096
moe,Qwen3.6 35B A3B,Qwen3.6-35B-A3B-UD-IQ2_M,qwen35moe 35B.A3B IQ2_M - 2.7 bpw,2048,12000,PP512,1078.1466666666668,69.33818019917551,998.73,1126.66,1109.05
moe,Qwen3.6 35B A3B,Qwen3.6-35B-A3B-UD-IQ2_M,qwen35moe 35B.A3B IQ2_M - 2.7 bpw,2048,12000,PP1024,1360.7266666666667,50.804541463665764,1302.07,1389.25,1390.86
moe,Qwen3.6 35B A3B,Qwen3.6-35B-A3B-UD-IQ2_M,qwen35moe 35B.A3B IQ2_M - 2.7 bpw,2048,12000,PP2048,1559.17,30.65225440322464,1523.84,1574.99,1578.68
moe,Qwen3.6 35B A3B,Qwen3.6-35B-A3B-UD-IQ2_M,qwen35moe 35B.A3B IQ2_M - 2.7 bpw,2048,12000,PP4096,1528.9866666666667,4.277210929254499,1528.7,1533.4,1524.86
moe,Qwen3.6 35B A3B,Qwen3.6-35B-A3B-UD-IQ2_M,qwen35moe 35B.A3B IQ2_M - 2.7 bpw,2048,12000,TG128,67.30703333333334,0.015572518528911462,67.3128,67.3189,67.2894
moe,Qwen3.6 35B A3B,Qwen3.6-35B-A3B-UD-IQ2_M,qwen35moe 35B.A3B IQ2_M - 2.7 bpw,2048,32000,PP512,793.7036666666667,35.17629436614002,753.145,812.081,815.885
moe,Qwen3.6 35B A3B,Qwen3.6-35B-A3B-UD-IQ2_M,qwen35moe 35B.A3B IQ2_M - 2.7 bpw,2048,32000,PP1024,939.0276666666667,21.612233973685694,914.091,952.339,950.653
moe,Qwen3.6 35B A3B,Qwen3.6-35B-A3B-UD-IQ2_M,qwen35moe 35B.A3B IQ2_M - 2.7 bpw,2048,32000,PP2048,1042.2266666666667,13.88309883755544,1026.3,1051.77,1048.61
moe,Qwen3.6 35B A3B,Qwen3.6-35B-A3B-UD-IQ2_M,qwen35moe 35B.A3B IQ2_M - 2.7 bpw,2048,32000,PP4096,1026.1366666666665,1.2113766273679156,1026.52,1027.11,1024.78
moe,Qwen3.6 35B A3B,Qwen3.6-35B-A3B-UD-IQ2_M,qwen35moe 35B.A3B IQ2_M - 2.7 bpw,2048,32000,TG128,60.40246666666667,0.019994332530325738,60.41,60.4176,60.3798
moe,Qwen3.6 35B A3B,Qwen3.6-35B-A3B-UD-IQ2_M,qwen35moe 35B.A3B IQ2_M - 2.7 bpw,2048,64000,PP512,581.5346666666667,17.338236396281314,561.534,592.306,590.764
moe,Qwen3.6 35B A3B,Qwen3.6-35B-A3B-UD-IQ2_M,qwen35moe 35B.A3B IQ2_M - 2.7 bpw,2048,64000,PP1024,651.167,10.65584126195584,638.896,658.086,656.519
moe,Qwen3.6 35B A3B,Qwen3.6-35B-A3B-UD-IQ2_M,qwen35moe 35B.A3B IQ2_M - 2.7 bpw,2048,64000,PP2048,701.219,7.118244797701246,693.012,704.931,705.714
moe,Qwen3.6 35B A3B,Qwen3.6-35B-A3B-UD-IQ2_M,qwen35moe 35B.A3B IQ2_M - 2.7 bpw,2048,64000,PP4096,693.2176666666667,0.45481901162261085,693.445,692.694,693.514
moe,Qwen3.6 35B A3B,Qwen3.6-35B-A3B-UD-IQ2_M,qwen35moe 35B.A3B IQ2_M - 2.7 bpw,2048,64000,TG128,51.4716,0.010476163419878145,51.4691,51.4831,51.4626
moe,Qwen3.6 35B A3B,Qwen3.6-35B-A3B-UD-IQ2_M,qwen35moe 35B.A3B IQ2_M - 2.7 bpw,2048,128000,PP512,375.6476666666667,6.769619807148207,367.844,379.156,379.943
moe,Qwen3.6 35B A3B,Qwen3.6-35B-A3B-UD-IQ2_M,qwen35moe 35B.A3B IQ2_M - 2.7 bpw,2048,128000,PP1024,400.92633333333333,4.343040678295954,395.941,402.948,403.89
moe,Qwen3.6 35B A3B,Qwen3.6-35B-A3B-UD-IQ2_M,qwen35moe 35B.A3B IQ2_M - 2.7 bpw,2048,128000,PP2048,417.32466666666664,2.5879544689451635,414.343,418.643,418.988
moe,Qwen3.6 35B A3B,Qwen3.6-35B-A3B-UD-IQ2_M,qwen35moe 35B.A3B IQ2_M - 2.7 bpw,2048,128000,PP4096,416.1793333333333,0.016563010998414045,416.181,416.195,416.162
moe,Qwen3.6 35B A3B,Qwen3.6-35B-A3B-UD-IQ2_M,qwen35moe 35B.A3B IQ2_M - 2.7 bpw,2048,128000,TG128,39.748333333333335,0.006988800564711106,39.7441,39.7445,39.7564
moe,Qwen3.6 35B A3B,Qwen3.6-35B-A3B-UD-IQ2_XXS,qwen35moe 35B.A3B IQ2_XXS - 2.0625 bpw,2048,0,PP512,1357.8633333333335,21.591323102888587,1344.66,1346.15,1382.78
moe,Qwen3.6 35B A3B,Qwen3.6-35B-A3B-UD-IQ2_XXS,qwen35moe 35B.A3B IQ2_XXS - 2.0625 bpw,2048,0,PP1024,1720.8799999999999,9.975409766019677,1730.52,1710.6,1721.52
moe,Qwen3.6 35B A3B,Qwen3.6-35B-A3B-UD-IQ2_XXS,qwen35moe 35B.A3B IQ2_XXS - 2.0625 bpw,2048,0,PP2048,2019.6566666666668,2.970880901909951,2021.23,2021.51,2016.23
moe,Qwen3.6 35B A3B,Qwen3.6-35B-A3B-UD-IQ2_XXS,qwen35moe 35B.A3B IQ2_XXS - 2.0625 bpw,2048,0,PP4096,1967.08,2.9384860047310286,1965.51,1965.26,1970.47
moe,Qwen3.6 35B A3B,Qwen3.6-35B-A3B-UD-IQ2_XXS,qwen35moe 35B.A3B IQ2_XXS - 2.0625 bpw,2048,0,TG128,74.01820000000001,0.01355691705366174,74.032,74.0049,74.0177
moe,Qwen3.6 35B A3B,Qwen3.6-35B-A3B-UD-IQ2_XXS,qwen35moe 35B.A3B IQ2_XXS - 2.0625 bpw,2048,12000,PP512,1082.93,50.17119791274674,1025.22,1116.18,1107.39
moe,Qwen3.6 35B A3B,Qwen3.6-35B-A3B-UD-IQ2_XXS,qwen35moe 35B.A3B IQ2_XXS - 2.0625 bpw,2048,12000,PP1024,1350.1333333333332,44.83789617425574,1298.36,1376.3,1375.74
moe,Qwen3.6 35B A3B,Qwen3.6-35B-A3B-UD-IQ2_XXS,qwen35moe 35B.A3B IQ2_XXS - 2.0625 bpw,2048,12000,PP2048,1546.36,28.589650225212697,1513.37,1563.91,1561.8
moe,Qwen3.6 35B A3B,Qwen3.6-35B-A3B-UD-IQ2_XXS,qwen35moe 35B.A3B IQ2_XXS - 2.0625 bpw,2048,12000,PP4096,1516.7766666666666,5.853719615196288,1518.34,1521.69,1510.3
moe,Qwen3.6 35B A3B,Qwen3.6-35B-A3B-UD-IQ2_XXS,qwen35moe 35B.A3B IQ2_XXS - 2.0625 bpw,2048,12000,TG128,67.35033333333334,0.010715098381879035,67.3528,67.3386,67.3596
moe,Qwen3.6 35B A3B,Qwen3.6-35B-A3B-UD-IQ2_XXS,qwen35moe 35B.A3B IQ2_XXS - 2.0625 bpw,2048,32000,PP512,786.9953333333333,26.56199658032754,756.345,803.299,801.342
moe,Qwen3.6 35B A3B,Qwen3.6-35B-A3B-UD-IQ2_XXS,qwen35moe 35B.A3B IQ2_XXS - 2.0625 bpw,2048,32000,PP1024,931.6803333333334,19.465679036019612,909.304,944.709,941.028
moe,Qwen3.6 35B A3B,Qwen3.6-35B-A3B-UD-IQ2_XXS,qwen35moe 35B.A3B IQ2_XXS - 2.0625 bpw,2048,32000,PP2048,1031.5266666666666,9.69523766255026,1020.68,1034.55,1039.35
moe,Qwen3.6 35B A3B,Qwen3.6-35B-A3B-UD-IQ2_XXS,qwen35moe 35B.A3B IQ2_XXS - 2.0625 bpw,2048,32000,PP4096,1022.9366666666667,0.535288084430528,1022.85,1022.45,1023.51
moe,Qwen3.6 35B A3B,Qwen3.6-35B-A3B-UD-IQ2_XXS,qwen35moe 35B.A3B IQ2_XXS - 2.0625 bpw,2048,32000,TG128,60.430233333333334,0.021879290055514446,60.4052,60.4398,60.4457
moe,Qwen3.6 35B A3B,Qwen3.6-35B-A3B-UD-IQ2_XXS,qwen35moe 35B.A3B IQ2_XXS - 2.0625 bpw,2048,64000,PP512,578.2333333333333,17.069286052244063,558.524,587.957,588.219
moe,Qwen3.6 35B A3B,Qwen3.6-35B-A3B-UD-IQ2_XXS,qwen35moe 35B.A3B IQ2_XXS - 2.0625 bpw,2048,64000,PP1024,648.0246666666667,10.894319268927859,635.445,654.301,654.328
moe,Qwen3.6 35B A3B,Qwen3.6-35B-A3B-UD-IQ2_XXS,qwen35moe 35B.A3B IQ2_XXS - 2.0625 bpw,2048,64000,PP2048,697.8686666666666,5.960065883304749,690.99,701.496,701.12
moe,Qwen3.6 35B A3B,Qwen3.6-35B-A3B-UD-IQ2_XXS,qwen35moe 35B.A3B IQ2_XXS - 2.0625 bpw,2048,64000,PP4096,692.6483333333333,0.12306231483816377,692.549,692.786,692.61
moe,Qwen3.6 35B A3B,Qwen3.6-35B-A3B-UD-IQ2_XXS,qwen35moe 35B.A3B IQ2_XXS - 2.0625 bpw,2048,64000,TG128,51.47286666666667,0.02241212469475595,51.4865,51.4851,51.447
moe,Qwen3.6 35B A3B,Qwen3.6-35B-A3B-UD-IQ2_XXS,qwen35moe 35B.A3B IQ2_XXS - 2.0625 bpw,2048,128000,PP512,373.061,7.420151413549463,364.534,376.599,378.05
moe,Qwen3.6 35B A3B,Qwen3.6-35B-A3B-UD-IQ2_XXS,qwen35moe 35B.A3B IQ2_XXS - 2.0625 bpw,2048,128000,PP1024,398.58733333333333,3.9477892969779047,394.055,400.431,401.276
moe,Qwen3.6 35B A3B,Qwen3.6-35B-A3B-UD-IQ2_XXS,qwen35moe 35B.A3B IQ2_XXS - 2.0625 bpw,2048,128000,PP2048,416.031,1.8669823245012287,413.96,417.585,416.548
moe,Qwen3.6 35B A3B,Qwen3.6-35B-A3B-UD-IQ2_XXS,qwen35moe 35B.A3B IQ2_XXS - 2.0625 bpw,2048,128000,PP4096,415.375,0.15534477783304088,415.199,415.493,415.433
moe,Qwen3.6 35B A3B,Qwen3.6-35B-A3B-UD-IQ2_XXS,qwen35moe 35B.A3B IQ2_XXS - 2.0625 bpw,2048,128000,TG128,39.780366666666666,0.025306191600737465,39.809,39.7711,39.761
moe,Qwen3.6 35B A3B,Qwen3.6-35B-A3B-UD-IQ3_S,qwen35moe 35B.A3B IQ3_S - 3.4375 bpw,2048,0,PP512,1279.7066666666667,11.162819237689712,1270.6,1292.16,1276.36
moe,Qwen3.6 35B A3B,Qwen3.6-35B-A3B-UD-IQ3_S,qwen35moe 35B.A3B IQ3_S - 3.4375 bpw,2048,0,PP1024,1677.3566666666668,7.683497467516514,1670.67,1685.75,1675.65
moe,Qwen3.6 35B A3B,Qwen3.6-35B-A3B-UD-IQ3_S,qwen35moe 35B.A3B IQ3_S - 3.4375 bpw,2048,0,PP2048,1936.7633333333333,6.715521821372729,1942.71,1938.1,1929.48
moe,Qwen3.6 35B A3B,Qwen3.6-35B-A3B-UD-IQ3_S,qwen35moe 35B.A3B IQ3_S - 3.4375 bpw,2048,0,PP4096,1895.2666666666667,2.732404313664643,1892.13,1896.54,1897.13
moe,Qwen3.6 35B A3B,Qwen3.6-35B-A3B-UD-IQ3_S,qwen35moe 35B.A3B IQ3_S - 3.4375 bpw,2048,0,TG128,66.7742,0.014593491700064815,66.7639,66.7678,66.7909
moe,Qwen3.6 35B A3B,Qwen3.6-35B-A3B-UD-IQ3_S,qwen35moe 35B.A3B IQ3_S - 3.4375 bpw,2048,12000,PP512,1034.743,71.89449246639131,951.729,1076.82,1075.68
moe,Qwen3.6 35B A3B,Qwen3.6-35B-A3B-UD-IQ3_S,qwen35moe 35B.A3B IQ3_S - 3.4375 bpw,2048,12000,PP1024,1308.8600000000001,60.74133106872122,1238.93,1348.5,1339.15
moe,Qwen3.6 35B A3B,Qwen3.6-35B-A3B-UD-IQ3_S,qwen35moe 35B.A3B IQ3_S - 3.4375 bpw,2048,12000,PP2048,1500.2,38.95176632708712,1455.25,1521.31,1524.04
moe,Qwen3.6 35B A3B,Qwen3.6-35B-A3B-UD-IQ3_S,qwen35moe 35B.A3B IQ3_S - 3.4375 bpw,2048,12000,PP4096,1479.09,1.1720494870099043,1479.32,1480.13,1477.82
moe,Qwen3.6 35B A3B,Qwen3.6-35B-A3B-UD-IQ3_S,qwen35moe 35B.A3B IQ3_S - 3.4375 bpw,2048,12000,TG128,61.63536666666667,0.02560904788025969,61.6295,61.6132,61.6634
moe,Qwen3.6 35B A3B,Qwen3.6-35B-A3B-UD-IQ3_S,qwen35moe 35B.A3B IQ3_S - 3.4375 bpw,2048,32000,PP512,758.6713333333333,40.239679973048155,712.243,783.479,780.292
moe,Qwen3.6 35B A3B,Qwen3.6-35B-A3B-UD-IQ3_S,qwen35moe 35B.A3B IQ3_S - 3.4375 bpw,2048,32000,PP1024,912.3393333333333,27.398190493777726,880.883,930.989,925.146
moe,Qwen3.6 35B A3B,Qwen3.6-35B-A3B-UD-IQ3_S,qwen35moe 35B.A3B IQ3_S - 3.4375 bpw,2048,32000,PP2048,1015.7466666666667,12.348511381269136,1001.5,1023.38,1022.36
moe,Qwen3.6 35B A3B,Qwen3.6-35B-A3B-UD-IQ3_S,qwen35moe 35B.A3B IQ3_S - 3.4375 bpw,2048,32000,PP4096,1002.1566666666666,1.1757692517383618,1002.34,1000.9,1003.23
moe,Qwen3.6 35B A3B,Qwen3.6-35B-A3B-UD-IQ3_S,qwen35moe 35B.A3B IQ3_S - 3.4375 bpw,2048,32000,TG128,55.7422,0.014435719587191418,55.726,55.7537,55.7469
moe,Qwen3.6 35B A3B,Qwen3.6-35B-A3B-UD-IQ3_S,qwen35moe 35B.A3B IQ3_S - 3.4375 bpw,2048,64000,PP512,563.562,24.189010376615247,535.631,577.476,577.579
moe,Qwen3.6 35B A3B,Qwen3.6-35B-A3B-UD-IQ3_S,qwen35moe 35B.A3B IQ3_S - 3.4375 bpw,2048,64000,PP1024,640.55,15.355152978723432,622.821,649.621,649.208
moe,Qwen3.6 35B A3B,Qwen3.6-35B-A3B-UD-IQ3_S,qwen35moe 35B.A3B IQ3_S - 3.4375 bpw,2048,64000,PP2048,688.4346666666667,8.631449607877798,678.468,693.385,693.451
moe,Qwen3.6 35B A3B,Qwen3.6-35B-A3B-UD-IQ3_S,qwen35moe 35B.A3B IQ3_S - 3.4375 bpw,2048,64000,PP4096,682.0210000000001,0.10653168542737104,681.916,682.129,682.018
moe,Qwen3.6 35B A3B,Qwen3.6-35B-A3B-UD-IQ3_S,qwen35moe 35B.A3B IQ3_S - 3.4375 bpw,2048,64000,TG128,48.021366666666665,0.0022368132093098284,48.0194,48.0238,48.0209
moe,Qwen3.6 35B A3B,Qwen3.6-35B-A3B-UD-IQ3_S,qwen35moe 35B.A3B IQ3_S - 3.4375 bpw,2048,128000,PP512,367.952,9.288703031101786,357.232,373.614,373.01
moe,Qwen3.6 35B A3B,Qwen3.6-35B-A3B-UD-IQ3_S,qwen35moe 35B.A3B IQ3_S - 3.4375 bpw,2048,128000,PP1024,395.4986666666667,5.250008031739876,389.442,398.303,398.751
moe,Qwen3.6 35B A3B,Qwen3.6-35B-A3B-UD-IQ3_S,qwen35moe 35B.A3B IQ3_S - 3.4375 bpw,2048,128000,PP2048,412.435,3.074829913995254,408.885,414.262,414.158
moe,Qwen3.6 35B A3B,Qwen3.6-35B-A3B-UD-IQ3_S,qwen35moe 35B.A3B IQ3_S - 3.4375 bpw,2048,128000,PP4096,412.25933333333336,0.26938881441764734,412.218,412.013,412.547
moe,Qwen3.6 35B A3B,Qwen3.6-35B-A3B-UD-IQ3_S,qwen35moe 35B.A3B IQ3_S - 3.4375 bpw,2048,128000,TG128,37.744166666666665,0.005622573550728381,37.7469,37.7479,37.7377
moe,Qwen3.6 35B A3B,Qwen3.6-35B-A3B-UD-IQ3_XXS,qwen35moe 35B.A3B IQ3_XXS - 3.0625 bpw,2048,0,PP512,1169.2266666666667,47.058393866911075,1178.42,1118.25,1211.01
moe,Qwen3.6 35B A3B,Qwen3.6-35B-A3B-UD-IQ3_XXS,qwen35moe 35B.A3B IQ3_XXS - 3.0625 bpw,2048,0,PP1024,1615.3533333333332,4.685192987843019,1619.46,1616.35,1610.25
moe,Qwen3.6 35B A3B,Qwen3.6-35B-A3B-UD-IQ3_XXS,qwen35moe 35B.A3B IQ3_XXS - 3.0625 bpw,2048,0,PP2048,1906.29,3.2563630018780354,1909.74,1905.86,1903.27
moe,Qwen3.6 35B A3B,Qwen3.6-35B-A3B-UD-IQ3_XXS,qwen35moe 35B.A3B IQ3_XXS - 3.0625 bpw,2048,0,PP4096,1857.0833333333333,1.1445668758676075,1856.08,1858.33,1856.84
moe,Qwen3.6 35B A3B,Qwen3.6-35B-A3B-UD-IQ3_XXS,qwen35moe 35B.A3B IQ3_XXS - 3.0625 bpw,2048,0,TG128,66.7992,0.022514661889527197,66.7733,66.8141,66.8102
moe,Qwen3.6 35B A3B,Qwen3.6-35B-A3B-UD-IQ3_XXS,qwen35moe 35B.A3B IQ3_XXS - 3.0625 bpw,2048,12000,PP512,979.3430000000001,56.841130768133034,913.729,1010.73,1013.57
moe,Qwen3.6 35B A3B,Qwen3.6-35B-A3B-UD-IQ3_XXS,qwen35moe 35B.A3B IQ3_XXS - 3.0625 bpw,2048,12000,PP1024,1275.3566666666666,50.18522126416631,1217.48,1301.79,1306.8
moe,Qwen3.6 35B A3B,Qwen3.6-35B-A3B-UD-IQ3_XXS,qwen35moe 35B.A3B IQ3_XXS - 3.0625 bpw,2048,12000,PP2048,1479.25,33.73299719858882,1440.36,1496.8,1500.59
moe,Qwen3.6 35B A3B,Qwen3.6-35B-A3B-UD-IQ3_XXS,qwen35moe 35B.A3B IQ3_XXS - 3.0625 bpw,2048,12000,PP4096,1452.3233333333333,12.572121274205662,1464.76,1452.59,1439.62
moe,Qwen3.6 35B A3B,Qwen3.6-35B-A3B-UD-IQ3_XXS,qwen35moe 35B.A3B IQ3_XXS - 3.0625 bpw,2048,12000,TG128,61.626933333333334,0.016836369363175636,61.6427,61.6289,61.6092
moe,Qwen3.6 35B A3B,Qwen3.6-35B-A3B-UD-IQ3_XXS,qwen35moe 35B.A3B IQ3_XXS - 3.0625 bpw,2048,32000,PP512,730.368,31.19205418051204,694.59,751.848,744.666
moe,Qwen3.6 35B A3B,Qwen3.6-35B-A3B-UD-IQ3_XXS,qwen35moe 35B.A3B IQ3_XXS - 3.0625 bpw,2048,32000,PP1024,877.9183333333333,26.392235758520595,867.71,907.89,858.155
moe,Qwen3.6 35B A3B,Qwen3.6-35B-A3B-UD-IQ3_XXS,qwen35moe 35B.A3B IQ3_XXS - 3.0625 bpw,2048,32000,PP2048,1000.2643333333333,10.328491483916379,988.533,1007.99,1004.27
moe,Qwen3.6 35B A3B,Qwen3.6-35B-A3B-UD-IQ3_XXS,qwen35moe 35B.A3B IQ3_XXS - 3.0625 bpw,2048,32000,PP4096,991.2923333333333,1.8068902383192036,990.176,993.377,990.324
moe,Qwen3.6 35B A3B,Qwen3.6-35B-A3B-UD-IQ3_XXS,qwen35moe 35B.A3B IQ3_XXS - 3.0625 bpw,2048,32000,TG128,55.316066666666664,0.6833799041041023,54.527,55.7168,55.7044
moe,Qwen3.6 35B A3B,Qwen3.6-35B-A3B-UD-IQ3_XXS,qwen35moe 35B.A3B IQ3_XXS - 3.0625 bpw,2048,64000,PP512,524.7153333333333,32.68115065803729,522.657,558.377,493.112
moe,Qwen3.6 35B A3B,Qwen3.6-35B-A3B-UD-IQ3_XXS,qwen35moe 35B.A3B IQ3_XXS - 3.0625 bpw,2048,64000,PP1024,631.424,13.556019585409231,615.787,639.858,638.627
moe,Qwen3.6 35B A3B,Qwen3.6-35B-A3B-UD-IQ3_XXS,qwen35moe 35B.A3B IQ3_XXS - 3.0625 bpw,2048,64000,PP2048,684.4613333333334,7.762492984430535,675.498,688.926,688.96
moe,Qwen3.6 35B A3B,Qwen3.6-35B-A3B-UD-IQ3_XXS,qwen35moe 35B.A3B IQ3_XXS - 3.0625 bpw,2048,64000,PP4096,676.607,4.848391073335582,680.851,677.647,671.323
moe,Qwen3.6 35B A3B,Qwen3.6-35B-A3B-UD-IQ3_XXS,qwen35moe 35B.A3B IQ3_XXS - 3.0625 bpw,2048,64000,TG128,47.9937,0.00411460812228586,47.9898,47.9933,47.998
moe,Qwen3.6 35B A3B,Qwen3.6-35B-A3B-UD-IQ3_XXS,qwen35moe 35B.A3B IQ3_XXS - 3.0625 bpw,2048,128000,PP512,361.517,9.158410397006666,350.966,367.412,366.173
moe,Qwen3.6 35B A3B,Qwen3.6-35B-A3B-UD-IQ3_XXS,qwen35moe 35B.A3B IQ3_XXS - 3.0625 bpw,2048,128000,PP1024,392.468,5.148536199736753,386.523,395.428,395.453
moe,Qwen3.6 35B A3B,Qwen3.6-35B-A3B-UD-IQ3_XXS,qwen35moe 35B.A3B IQ3_XXS - 3.0625 bpw,2048,128000,PP2048,410.57033333333334,2.276263239024283,407.942,411.868,411.901
moe,Qwen3.6 35B A3B,Qwen3.6-35B-A3B-UD-IQ3_XXS,qwen35moe 35B.A3B IQ3_XXS - 3.0625 bpw,2048,128000,PP4096,410.5,0.41439473934885623,410.042,410.849,410.609
moe,Qwen3.6 35B A3B,Qwen3.6-35B-A3B-UD-IQ3_XXS,qwen35moe 35B.A3B IQ3_XXS - 3.0625 bpw,2048,128000,TG128,37.724266666666665,0.006656074919447057,37.7229,37.7315,37.7184
moe,Qwen3.6 35B A3B,Qwen3.6-35B-A3B-UD-IQ4_NL,qwen35moe 35B.A3B IQ4_NL - 4.5 bpw,2048,0,PP512,1844.65,19.5514014842926,1828.14,1839.57,1866.24
moe,Qwen3.6 35B A3B,Qwen3.6-35B-A3B-UD-IQ4_NL,qwen35moe 35B.A3B IQ4_NL - 4.5 bpw,2048,0,PP1024,2117.0066666666667,8.422958704240001,2123.39,2120.17,2107.46
moe,Qwen3.6 35B A3B,Qwen3.6-35B-A3B-UD-IQ4_NL,qwen35moe 35B.A3B IQ4_NL - 4.5 bpw,2048,0,PP2048,2285.2166666666667,2.0110030664655723,2282.93,2286.71,2286.01
moe,Qwen3.6 35B A3B,Qwen3.6-35B-A3B-UD-IQ4_NL,qwen35moe 35B.A3B IQ4_NL - 4.5 bpw,2048,0,PP4096,2218.2400000000002,0.736545993132713,2217.59,2219.04,2218.09
moe,Qwen3.6 35B A3B,Qwen3.6-35B-A3B-UD-IQ4_NL,qwen35moe 35B.A3B IQ4_NL - 4.5 bpw,2048,0,TG128,63.750566666666664,0.016560595802489534,63.7627,63.7573,63.7317
moe,Qwen3.6 35B A3B,Qwen3.6-35B-A3B-UD-IQ4_NL,qwen35moe 35B.A3B IQ4_NL - 4.5 bpw,2048,12000,PP512,1387.7233333333334,82.08533689602136,1293.41,1443.05,1426.71
moe,Qwen3.6 35B A3B,Qwen3.6-35B-A3B-UD-IQ4_NL,qwen35moe 35B.A3B IQ4_NL - 4.5 bpw,2048,12000,PP1024,1589.3,56.59342452971018,1523.98,1623.63,1620.29
moe,Qwen3.6 35B A3B,Qwen3.6-35B-A3B-UD-IQ4_NL,qwen35moe 35B.A3B IQ4_NL - 4.5 bpw,2048,12000,PP2048,1698.8866666666668,30.393355085171816,1663.85,1718.16,1714.65
moe,Qwen3.6 35B A3B,Qwen3.6-35B-A3B-UD-IQ4_NL,qwen35moe 35B.A3B IQ4_NL - 4.5 bpw,2048,12000,PP4096,1661.38,4.384324349315415,1665.92,1661.05,1657.17
moe,Qwen3.6 35B A3B,Qwen3.6-35B-A3B-UD-IQ4_NL,qwen35moe 35B.A3B IQ4_NL - 4.5 bpw,2048,12000,TG128,59.1034,0.0032695565448541317,59.1009,59.1071,59.1022
moe,Qwen3.6 35B A3B,Qwen3.6-35B-A3B-UD-IQ4_NL,qwen35moe 35B.A3B IQ4_NL - 4.5 bpw,2048,32000,PP512,947.098,41.517745904612894,899.323,967.538,974.433
moe,Qwen3.6 35B A3B,Qwen3.6-35B-A3B-UD-IQ4_NL,qwen35moe 35B.A3B IQ4_NL - 4.5 bpw,2048,32000,PP1024,1043.6233333333334,28.274197306613885,1011.09,1062.26,1057.52
moe,Qwen3.6 35B A3B,Qwen3.6-35B-A3B-UD-IQ4_NL,qwen35moe 35B.A3B IQ4_NL - 4.5 bpw,2048,32000,PP2048,1099.3333333333333,7.473221081523935,1091.99,1099.08,1106.93
moe,Qwen3.6 35B A3B,Qwen3.6-35B-A3B-UD-IQ4_NL,qwen35moe 35B.A3B IQ4_NL - 4.5 bpw,2048,32000,PP4096,1081.47,2.553252827277477,1083.38,1082.46,1078.57
moe,Qwen3.6 35B A3B,Qwen3.6-35B-A3B-UD-IQ4_NL,qwen35moe 35B.A3B IQ4_NL - 4.5 bpw,2048,32000,TG128,53.811366666666665,0.0018770544300409438,53.8092,53.8124,53.8125
moe,Qwen3.6 35B A3B,Qwen3.6-35B-A3B-UD-IQ4_NL,qwen35moe 35B.A3B IQ4_NL - 4.5 bpw,2048,64000,PP512,652.017,20.42286103855187,628.44,664.238,663.373
moe,Qwen3.6 35B A3B,Qwen3.6-35B-A3B-UD-IQ4_NL,qwen35moe 35B.A3B IQ4_NL - 4.5 bpw,2048,64000,PP1024,698.5696666666666,11.793366624222868,684.957,705.052,705.7
moe,Qwen3.6 35B A3B,Qwen3.6-35B-A3B-UD-IQ4_NL,qwen35moe 35B.A3B IQ4_NL - 4.5 bpw,2048,64000,PP2048,727.769,5.133830149118672,721.967,731.723,729.617
moe,Qwen3.6 35B A3B,Qwen3.6-35B-A3B-UD-IQ4_NL,qwen35moe 35B.A3B IQ4_NL - 4.5 bpw,2048,64000,PP4096,716.5103333333333,2.610997574363767,713.502,718.187,717.842
moe,Qwen3.6 35B A3B,Qwen3.6-35B-A3B-UD-IQ4_NL,qwen35moe 35B.A3B IQ4_NL - 4.5 bpw,2048,64000,TG128,46.6004,0.018576598181584365,46.5807,46.6176,46.6029
moe,Qwen3.6 35B A3B,Qwen3.6-35B-A3B-UD-IQ4_NL,qwen35moe 35B.A3B IQ4_NL - 4.5 bpw,2048,128000,PP512,403.44766666666663,7.7543500264904965,394.5,407.631,408.212
moe,Qwen3.6 35B A3B,Qwen3.6-35B-A3B-UD-IQ4_NL,qwen35moe 35B.A3B IQ4_NL - 4.5 bpw,2048,128000,PP1024,415.96,3.1630009484664856,412.355,417.255,418.27
moe,Qwen3.6 35B A3B,Qwen3.6-35B-A3B-UD-IQ4_NL,qwen35moe 35B.A3B IQ4_NL - 4.5 bpw,2048,128000,PP2048,425.55333333333334,1.9774130406501698,423.553,427.507,425.6
moe,Qwen3.6 35B A3B,Qwen3.6-35B-A3B-UD-IQ4_NL,qwen35moe 35B.A3B IQ4_NL - 4.5 bpw,2048,128000,PP4096,425.37233333333336,0.13167130793507495,425.249,425.511,425.357
moe,Qwen3.6 35B A3B,Qwen3.6-35B-A3B-UD-IQ4_NL,qwen35moe 35B.A3B IQ4_NL - 4.5 bpw,2048,128000,TG128,36.81173333333333,0.006188968680912293,36.8137,36.8167,36.8048
moe,Qwen3.6 35B A3B,Qwen3.6-35B-A3B-UD-IQ4_NL_XL,qwen35moe 35B.A3B IQ4_NL - 4.5 bpw,2048,0,PP512,1830.2533333333333,78.80028955107545,1743.23,1850.75,1896.78
moe,Qwen3.6 35B A3B,Qwen3.6-35B-A3B-UD-IQ4_NL_XL,qwen35moe 35B.A3B IQ4_NL - 4.5 bpw,2048,0,PP1024,2189.83,7.580158309692549,2198.57,2185.05,2185.87
moe,Qwen3.6 35B A3B,Qwen3.6-35B-A3B-UD-IQ4_NL_XL,qwen35moe 35B.A3B IQ4_NL - 4.5 bpw,2048,0,PP2048,2339.596666666667,1.2491730598014066,2338.18,2340.07,2340.54
moe,Qwen3.6 35B A3B,Qwen3.6-35B-A3B-UD-IQ4_NL_XL,qwen35moe 35B.A3B IQ4_NL - 4.5 bpw,2048,0,PP4096,2275.2466666666664,3.4073498988706628,2276.41,2277.92,2271.41
moe,Qwen3.6 35B A3B,Qwen3.6-35B-A3B-UD-IQ4_NL_XL,qwen35moe 35B.A3B IQ4_NL - 4.5 bpw,2048,0,TG128,62.22323333333333,0.031166702317266985,62.2153,62.1968,62.2576
moe,Qwen3.6 35B A3B,Qwen3.6-35B-A3B-UD-IQ4_NL_XL,qwen35moe 35B.A3B IQ4_NL - 4.5 bpw,2048,12000,PP512,1425.86,88.62011735492118,1323.54,1478.24,1475.8
moe,Qwen3.6 35B A3B,Qwen3.6-35B-A3B-UD-IQ4_NL_XL,qwen35moe 35B.A3B IQ4_NL - 4.5 bpw,2048,12000,PP1024,1627.4166666666665,62.23166744779808,1555.56,1663.84,1662.85
moe,Qwen3.6 35B A3B,Qwen3.6-35B-A3B-UD-IQ4_NL_XL,qwen35moe 35B.A3B IQ4_NL - 4.5 bpw,2048,12000,PP2048,1734.8,34.028104560789174,1695.57,1756.33,1752.5
moe,Qwen3.6 35B A3B,Qwen3.6-35B-A3B-UD-IQ4_NL_XL,qwen35moe 35B.A3B IQ4_NL - 4.5 bpw,2048,12000,PP4096,1695.8233333333333,2.6941850963386154,1698.26,1696.28,1692.93
moe,Qwen3.6 35B A3B,Qwen3.6-35B-A3B-UD-IQ4_NL_XL,qwen35moe 35B.A3B IQ4_NL - 4.5 bpw,2048,12000,TG128,57.803733333333334,0.012331396244277799,57.8171,57.8013,57.7928
moe,Qwen3.6 35B A3B,Qwen3.6-35B-A3B-UD-IQ4_NL_XL,qwen35moe 35B.A3B IQ4_NL - 4.5 bpw,2048,32000,PP512,950.0536666666667,54.15299022522516,889.76,965.846,994.555
moe,Qwen3.6 35B A3B,Qwen3.6-35B-A3B-UD-IQ4_NL_XL,qwen35moe 35B.A3B IQ4_NL - 4.5 bpw,2048,32000,PP1024,1061.8266666666666,31.33576444469374,1025.72,1077.84,1081.92
moe,Qwen3.6 35B A3B,Qwen3.6-35B-A3B-UD-IQ4_NL_XL,qwen35moe 35B.A3B IQ4_NL - 4.5 bpw,2048,32000,PP2048,1112.1133333333335,9.322362003984502,1101.49,1118.93,1115.92
moe,Qwen3.6 35B A3B,Qwen3.6-35B-A3B-UD-IQ4_NL_XL,qwen35moe 35B.A3B IQ4_NL - 4.5 bpw,2048,32000,PP4096,1094.8266666666666,0.5913825608971361,1094.96,1095.34,1094.18
moe,Qwen3.6 35B A3B,Qwen3.6-35B-A3B-UD-IQ4_NL_XL,qwen35moe 35B.A3B IQ4_NL - 4.5 bpw,2048,32000,TG128,52.796166666666664,0.05493708522786347,52.7845,52.748,52.856
moe,Qwen3.6 35B A3B,Qwen3.6-35B-A3B-UD-IQ4_NL_XL,qwen35moe 35B.A3B IQ4_NL - 4.5 bpw,2048,64000,PP512,661.443,20.456695407616532,637.822,673.366,673.141
moe,Qwen3.6 35B A3B,Qwen3.6-35B-A3B-UD-IQ4_NL_XL,qwen35moe 35B.A3B IQ4_NL - 4.5 bpw,2048,64000,PP1024,705.25,10.99400259232273,692.589,710.779,712.382
moe,Qwen3.6 35B A3B,Qwen3.6-35B-A3B-UD-IQ4_NL_XL,qwen35moe 35B.A3B IQ4_NL - 4.5 bpw,2048,64000,PP2048,734.7813333333334,5.548366456294445,728.669,739.5,736.175
moe,Qwen3.6 35B A3B,Qwen3.6-35B-A3B-UD-IQ4_NL_XL,qwen35moe 35B.A3B IQ4_NL - 4.5 bpw,2048,64000,PP4096,723.614,0.7258808442161641,724.437,723.065,723.34
moe,Qwen3.6 35B A3B,Qwen3.6-35B-A3B-UD-IQ4_NL_XL,qwen35moe 35B.A3B IQ4_NL - 4.5 bpw,2048,64000,TG128,45.874066666666664,0.0374198254049019,45.8973,45.894,45.8309
moe,Qwen3.6 35B A3B,Qwen3.6-35B-A3B-UD-IQ4_NL_XL,qwen35moe 35B.A3B IQ4_NL - 4.5 bpw,2048,128000,PP512,406.479,7.6453300124978325,397.654,410.69,411.093
moe,Qwen3.6 35B A3B,Qwen3.6-35B-A3B-UD-IQ4_NL_XL,qwen35moe 35B.A3B IQ4_NL - 4.5 bpw,2048,128000,PP1024,419.3143333333333,3.9363099894867677,414.779,421.842,421.322
moe,Qwen3.6 35B A3B,Qwen3.6-35B-A3B-UD-IQ4_NL_XL,qwen35moe 35B.A3B IQ4_NL - 4.5 bpw,2048,128000,PP2048,429.41766666666666,2.415295496069438,426.629,430.846,430.778
moe,Qwen3.6 35B A3B,Qwen3.6-35B-A3B-UD-IQ4_NL_XL,qwen35moe 35B.A3B IQ4_NL - 4.5 bpw,2048,128000,PP4096,427.71,0.1560384567983218,427.706,427.556,427.868
moe,Qwen3.6 35B A3B,Qwen3.6-35B-A3B-UD-IQ4_NL_XL,qwen35moe 35B.A3B IQ4_NL - 4.5 bpw,2048,128000,TG128,36.39736666666667,0.007867867140042211,36.3904,36.4059,36.3958
moe,Qwen3.6 35B A3B,Qwen3.6-35B-A3B-UD-IQ4_XS,qwen35moe 35B.A3B IQ4_XS - 4.25 bpw,2048,0,PP512,1834.8833333333334,14.278635555729156,1818.44,1844.15,1842.06
moe,Qwen3.6 35B A3B,Qwen3.6-35B-A3B-UD-IQ4_XS,qwen35moe 35B.A3B IQ4_XS - 4.25 bpw,2048,0,PP1024,2113.7833333333333,9.10930476673899,2113.46,2123.05,2104.84
moe,Qwen3.6 35B A3B,Qwen3.6-35B-A3B-UD-IQ4_XS,qwen35moe 35B.A3B IQ4_XS - 4.25 bpw,2048,0,PP2048,2272.9566666666665,7.806883714603062,2278.84,2275.93,2264.1
moe,Qwen3.6 35B A3B,Qwen3.6-35B-A3B-UD-IQ4_XS,qwen35moe 35B.A3B IQ4_XS - 4.25 bpw,2048,0,PP4096,2211.8866666666668,3.0920273823714015,2213.01,2214.26,2208.39
moe,Qwen3.6 35B A3B,Qwen3.6-35B-A3B-UD-IQ4_XS,qwen35moe 35B.A3B IQ4_XS - 4.25 bpw,2048,0,TG128,62.49713333333333,0.02766755018669331,62.4654,62.5162,62.5098
moe,Qwen3.6 35B A3B,Qwen3.6-35B-A3B-UD-IQ4_XS,qwen35moe 35B.A3B IQ4_XS - 4.25 bpw,2048,12000,PP512,1385.6533333333334,85.169765957958,1287.31,1434.25,1435.4
moe,Qwen3.6 35B A3B,Qwen3.6-35B-A3B-UD-IQ4_XS,qwen35moe 35B.A3B IQ4_XS - 4.25 bpw,2048,12000,PP1024,1586.3700000000001,56.776705610663946,1520.94,1622.66,1615.51
moe,Qwen3.6 35B A3B,Qwen3.6-35B-A3B-UD-IQ4_XS,qwen35moe 35B.A3B IQ4_XS - 4.25 bpw,2048,12000,PP2048,1693.77,32.353468129398436,1656.44,1711.17,1713.7
moe,Qwen3.6 35B A3B,Qwen3.6-35B-A3B-UD-IQ4_XS,qwen35moe 35B.A3B IQ4_XS - 4.25 bpw,2048,12000,PP4096,1658.04,1.3114877048603515,1659.24,1658.24,1656.64
moe,Qwen3.6 35B A3B,Qwen3.6-35B-A3B-UD-IQ4_XS,qwen35moe 35B.A3B IQ4_XS - 4.25 bpw,2048,12000,TG128,57.928266666666666,0.01014905578530976,57.9398,57.9207,57.9243
moe,Qwen3.6 35B A3B,Qwen3.6-35B-A3B-UD-IQ4_XS,qwen35moe 35B.A3B IQ4_XS - 4.25 bpw,2048,32000,PP512,948.7376666666667,39.92321708396421,902.639,971.568,972.006
moe,Qwen3.6 35B A3B,Qwen3.6-35B-A3B-UD-IQ4_XS,qwen35moe 35B.A3B IQ4_XS - 4.25 bpw,2048,32000,PP1024,1043.3333333333335,27.73416905792087,1011.38,1061.16,1057.46
moe,Qwen3.6 35B A3B,Qwen3.6-35B-A3B-UD-IQ4_XS,qwen35moe 35B.A3B IQ4_XS - 4.25 bpw,2048,32000,PP2048,1094.07,14.350878021919087,1077.5,1102.51,1102.2
moe,Qwen3.6 35B A3B,Qwen3.6-35B-A3B-UD-IQ4_XS,qwen35moe 35B.A3B IQ4_XS - 4.25 bpw,2048,32000,PP4096,1079.7333333333333,4.0596223141239625,1084.08,1079.08,1076.04
moe,Qwen3.6 35B A3B,Qwen3.6-35B-A3B-UD-IQ4_XS,qwen35moe 35B.A3B IQ4_XS - 4.25 bpw,2048,32000,TG128,52.96176666666667,0.003372437298649802,52.9641,52.9633,52.9579
moe,Qwen3.6 35B A3B,Qwen3.6-35B-A3B-UD-IQ4_XS,qwen35moe 35B.A3B IQ4_XS - 4.25 bpw,2048,64000,PP512,651.496,20.733891892261784,627.575,664.313,662.6
moe,Qwen3.6 35B A3B,Qwen3.6-35B-A3B-UD-IQ4_XS,qwen35moe 35B.A3B IQ4_XS - 4.25 bpw,2048,64000,PP1024,697.9576666666667,12.37317640435686,683.682,704.596,705.595
moe,Qwen3.6 35B A3B,Qwen3.6-35B-A3B-UD-IQ4_XS,qwen35moe 35B.A3B IQ4_XS - 4.25 bpw,2048,64000,PP2048,727.4563333333333,6.2811129852386385,720.365,732.32,729.684
moe,Qwen3.6 35B A3B,Qwen3.6-35B-A3B-UD-IQ4_XS,qwen35moe 35B.A3B IQ4_XS - 4.25 bpw,2048,64000,PP4096,718.0346666666667,0.6143568452726735,718.517,718.244,717.343
moe,Qwen3.6 35B A3B,Qwen3.6-35B-A3B-UD-IQ4_XS,qwen35moe 35B.A3B IQ4_XS - 4.25 bpw,2048,64000,TG128,45.99576666666667,0.0013650396819625662,45.9967,45.9964,45.9942
moe,Qwen3.6 35B A3B,Qwen3.6-35B-A3B-UD-IQ4_XS,qwen35moe 35B.A3B IQ4_XS - 4.25 bpw,2048,128000,PP512,402.72133333333335,6.753691015536117,394.963,407.285,405.916
moe,Qwen3.6 35B A3B,Qwen3.6-35B-A3B-UD-IQ4_XS,qwen35moe 35B.A3B IQ4_XS - 4.25 bpw,2048,128000,PP1024,416.872,4.015129263174489,412.303,418.475,419.838
moe,Qwen3.6 35B A3B,Qwen3.6-35B-A3B-UD-IQ4_XS,qwen35moe 35B.A3B IQ4_XS - 4.25 bpw,2048,128000,PP2048,426.7816666666667,2.4056214027425997,424.035,427.796,428.514
moe,Qwen3.6 35B A3B,Qwen3.6-35B-A3B-UD-IQ4_XS,qwen35moe 35B.A3B IQ4_XS - 4.25 bpw,2048,128000,PP4096,424.991,0.18706148721744584,424.775,425.099,425.099
moe,Qwen3.6 35B A3B,Qwen3.6-35B-A3B-UD-IQ4_XS,qwen35moe 35B.A3B IQ4_XS - 4.25 bpw,2048,128000,TG128,36.46823333333333,0.006650062656346905,36.4682,36.4616,36.4749
moe,Qwen3.6 35B A3B,Qwen3.6-35B-A3B-UD-Q2_K_XL,qwen35moe 35B.A3B Q2_K - Medium,2048,0,PP512,1296.9966666666667,18.43078222250302,1310.55,1304.43,1276.01
moe,Qwen3.6 35B A3B,Qwen3.6-35B-A3B-UD-Q2_K_XL,qwen35moe 35B.A3B Q2_K - Medium,2048,0,PP1024,1659.8033333333333,11.32489440716048,1647.04,1668.65,1663.72
moe,Qwen3.6 35B A3B,Qwen3.6-35B-A3B-UD-Q2_K_XL,qwen35moe 35B.A3B Q2_K - Medium,2048,0,PP2048,1952.9366666666667,7.956320338783033,1961.24,1945.38,1952.19
moe,Qwen3.6 35B A3B,Qwen3.6-35B-A3B-UD-Q2_K_XL,qwen35moe 35B.A3B Q2_K - Medium,2048,0,PP4096,1901.25,2.37071719106269,1903.96,1900.23,1899.56
moe,Qwen3.6 35B A3B,Qwen3.6-35B-A3B-UD-Q2_K_XL,qwen35moe 35B.A3B Q2_K - Medium,2048,0,TG128,71.62870000000001,0.009578622030334124,71.6242,71.6397,71.6222
moe,Qwen3.6 35B A3B,Qwen3.6-35B-A3B-UD-Q2_K_XL,qwen35moe 35B.A3B Q2_K - Medium,2048,12000,PP512,985.2520000000001,102.56395240044137,867.576,1055.65,1032.53
moe,Qwen3.6 35B A3B,Qwen3.6-35B-A3B-UD-Q2_K_XL,qwen35moe 35B.A3B Q2_K - Medium,2048,12000,PP1024,1302.3633333333335,48.483102554738885,1246.38,1330.25,1330.46
moe,Qwen3.6 35B A3B,Qwen3.6-35B-A3B-UD-Q2_K_XL,qwen35moe 35B.A3B Q2_K - Medium,2048,12000,PP2048,1504.29,27.899725805104246,1472.46,1515.9,1524.51
moe,Qwen3.6 35B A3B,Qwen3.6-35B-A3B-UD-Q2_K_XL,qwen35moe 35B.A3B Q2_K - Medium,2048,12000,PP4096,1470.52,13.06432929774804,1481.05,1474.61,1455.9
moe,Qwen3.6 35B A3B,Qwen3.6-35B-A3B-UD-Q2_K_XL,qwen35moe 35B.A3B Q2_K - Medium,2048,12000,TG128,65.50923333333333,0.006860272103443749,65.504,65.517,65.5067
moe,Qwen3.6 35B A3B,Qwen3.6-35B-A3B-UD-Q2_K_XL,qwen35moe 35B.A3B Q2_K - Medium,2048,32000,PP512,748.1716666666666,36.34472462866288,706.395,772.52,765.6
moe,Qwen3.6 35B A3B,Qwen3.6-35B-A3B-UD-Q2_K_XL,qwen35moe 35B.A3B Q2_K - Medium,2048,32000,PP1024,904.7943333333334,17.152739266173615,885.116,916.58,912.687
moe,Qwen3.6 35B A3B,Qwen3.6-35B-A3B-UD-Q2_K_XL,qwen35moe 35B.A3B Q2_K - Medium,2048,32000,PP2048,1014.8833333333333,11.08664662255155,1003.05,1025.03,1016.57
moe,Qwen3.6 35B A3B,Qwen3.6-35B-A3B-UD-Q2_K_XL,qwen35moe 35B.A3B Q2_K - Medium,2048,32000,PP4096,1002.35,2.0406126531019777,1002.11,1004.5,1000.44
moe,Qwen3.6 35B A3B,Qwen3.6-35B-A3B-UD-Q2_K_XL,qwen35moe 35B.A3B Q2_K - Medium,2048,32000,TG128,59.07856666666667,0.004536885862938731,59.0744,59.0779,59.0834
moe,Qwen3.6 35B A3B,Qwen3.6-35B-A3B-UD-Q2_K_XL,qwen35moe 35B.A3B Q2_K - Medium,2048,64000,PP512,560.3923333333333,23.174332554214633,533.633,573.829,573.715
moe,Qwen3.6 35B A3B,Qwen3.6-35B-A3B-UD-Q2_K_XL,qwen35moe 35B.A3B Q2_K - Medium,2048,64000,PP1024,638.032,9.927004533090495,626.575,643.447,644.074
moe,Qwen3.6 35B A3B,Qwen3.6-35B-A3B-UD-Q2_K_XL,qwen35moe 35B.A3B Q2_K - Medium,2048,64000,PP2048,691.8943333333333,6.291801199444648,684.653,696.024,695.006
moe,Qwen3.6 35B A3B,Qwen3.6-35B-A3B-UD-Q2_K_XL,qwen35moe 35B.A3B Q2_K - Medium,2048,64000,PP4096,681.743,0.5830102915043309,681.739,682.328,681.162
moe,Qwen3.6 35B A3B,Qwen3.6-35B-A3B-UD-Q2_K_XL,qwen35moe 35B.A3B Q2_K - Medium,2048,64000,TG128,50.465,0.026344449130699606,50.4549,50.4452,50.4949
moe,Qwen3.6 35B A3B,Qwen3.6-35B-A3B-UD-Q2_K_XL,qwen35moe 35B.A3B Q2_K - Medium,2048,128000,PP512,368.476,7.316197031245128,360.029,372.586,372.813
moe,Qwen3.6 35B A3B,Qwen3.6-35B-A3B-UD-Q2_K_XL,qwen35moe 35B.A3B Q2_K - Medium,2048,128000,PP1024,395.43833333333333,3.9079428518509984,390.927,397.783,397.605
moe,Qwen3.6 35B A3B,Qwen3.6-35B-A3B-UD-Q2_K_XL,qwen35moe 35B.A3B Q2_K - Medium,2048,128000,PP2048,414.14033333333333,2.2476859952700967,411.625,414.844,415.952
moe,Qwen3.6 35B A3B,Qwen3.6-35B-A3B-UD-Q2_K_XL,qwen35moe 35B.A3B Q2_K - Medium,2048,128000,PP4096,412.59866666666665,0.2540715122427938,412.889,412.417,412.49
moe,Qwen3.6 35B A3B,Qwen3.6-35B-A3B-UD-Q2_K_XL,qwen35moe 35B.A3B Q2_K - Medium,2048,128000,TG128,39.1521,0.002286919325202544,39.1495,39.1538,39.153
moe,Qwen3.6 35B A3B,Qwen3.6-35B-A3B-UD-Q3_K_M,qwen35moe 35B.A3B Q3_K - Medium,2048,0,PP512,1521.56,14.656428623644988,1538.31,1511.09,1515.28
moe,Qwen3.6 35B A3B,Qwen3.6-35B-A3B-UD-Q3_K_M,qwen35moe 35B.A3B Q3_K - Medium,2048,0,PP1024,1916.1066666666666,4.7815199814842,1913.84,1912.88,1921.6
moe,Qwen3.6 35B A3B,Qwen3.6-35B-A3B-UD-Q3_K_M,qwen35moe 35B.A3B Q3_K - Medium,2048,0,PP2048,2186.28,2.809786468755367,2189.51,2184.4,2184.93
moe,Qwen3.6 35B A3B,Qwen3.6-35B-A3B-UD-Q3_K_M,qwen35moe 35B.A3B Q3_K - Medium,2048,0,PP4096,2125.23,4.880604470759846,2127.57,2128.5,2119.62
moe,Qwen3.6 35B A3B,Qwen3.6-35B-A3B-UD-Q3_K_M,qwen35moe 35B.A3B Q3_K - Medium,2048,0,TG128,62.588,0.018743265457222383,62.605,62.5679,62.5911
moe,Qwen3.6 35B A3B,Qwen3.6-35B-A3B-UD-Q3_K_M,qwen35moe 35B.A3B Q3_K - Medium,2048,12000,PP512,1199.6,68.04022119305615,1121.08,1241.19,1236.53
moe,Qwen3.6 35B A3B,Qwen3.6-35B-A3B-UD-Q3_K_M,qwen35moe 35B.A3B Q3_K - Medium,2048,12000,PP1024,1475.4733333333334,44.64010790010852,1424.44,1507.27,1494.71
moe,Qwen3.6 35B A3B,Qwen3.6-35B-A3B-UD-Q3_K_M,qwen35moe 35B.A3B Q3_K - Medium,2048,12000,PP2048,1644.4866666666667,32.056834424710985,1607.53,1661.15,1664.78
moe,Qwen3.6 35B A3B,Qwen3.6-35B-A3B-UD-Q3_K_M,qwen35moe 35B.A3B Q3_K - Medium,2048,12000,PP4096,1609.3166666666666,6.593362824335836,1615.71,1609.7,1602.54
moe,Qwen3.6 35B A3B,Qwen3.6-35B-A3B-UD-Q3_K_M,qwen35moe 35B.A3B Q3_K - Medium,2048,12000,TG128,58.094,0.0051643005334695265,58.0918,58.0999,58.0903
moe,Qwen3.6 35B A3B,Qwen3.6-35B-A3B-UD-Q3_K_M,qwen35moe 35B.A3B Q3_K - Medium,2048,32000,PP512,854.8983333333333,39.1951346512974,809.822,873.922,880.951
moe,Qwen3.6 35B A3B,Qwen3.6-35B-A3B-UD-Q3_K_M,qwen35moe 35B.A3B Q3_K - Medium,2048,32000,PP1024,985.873,16.482457432070035,967.227,998.5,991.892
moe,Qwen3.6 35B A3B,Qwen3.6-35B-A3B-UD-Q3_K_M,qwen35moe 35B.A3B Q3_K - Medium,2048,32000,PP2048,1075.0833333333333,12.277867621591845,1062.32,1086.81,1076.12
moe,Qwen3.6 35B A3B,Qwen3.6-35B-A3B-UD-Q3_K_M,qwen35moe 35B.A3B Q3_K - Medium,2048,32000,PP4096,1056.83,2.5901158275258833,1058.01,1053.86,1058.62
moe,Qwen3.6 35B A3B,Qwen3.6-35B-A3B-UD-Q3_K_M,qwen35moe 35B.A3B Q3_K - Medium,2048,32000,TG128,53.0044,0.0036592348927080636,53.0019,53.0086,53.0027
moe,Qwen3.6 35B A3B,Qwen3.6-35B-A3B-UD-Q3_K_M,qwen35moe 35B.A3B Q3_K - Medium,2048,64000,PP512,608.7996666666667,20.602209695402415,585.024,621.387,619.988
moe,Qwen3.6 35B A3B,Qwen3.6-35B-A3B-UD-Q3_K_M,qwen35moe 35B.A3B Q3_K - Medium,2048,64000,PP1024,675.727,9.885592698467795,664.345,680.668,682.168
moe,Qwen3.6 35B A3B,Qwen3.6-35B-A3B-UD-Q3_K_M,qwen35moe 35B.A3B Q3_K - Medium,2048,64000,PP2048,716.2746666666667,4.506301180939098,711.416,720.317,717.091
moe,Qwen3.6 35B A3B,Qwen3.6-35B-A3B-UD-Q3_K_M,qwen35moe 35B.A3B Q3_K - Medium,2048,64000,PP4096,707.341,0.58482903484693,708.016,707.021,706.986
moe,Qwen3.6 35B A3B,Qwen3.6-35B-A3B-UD-Q3_K_M,qwen35moe 35B.A3B Q3_K - Medium,2048,64000,TG128,46.03476666666666,0.009617865321021777,46.0365,46.0434,46.0244
moe,Qwen3.6 35B A3B,Qwen3.6-35B-A3B-UD-Q3_K_M,qwen35moe 35B.A3B Q3_K - Medium,2048,128000,PP512,385.582,8.185189857297152,376.169,391.026,389.551
moe,Qwen3.6 35B A3B,Qwen3.6-35B-A3B-UD-Q3_K_M,qwen35moe 35B.A3B Q3_K - Medium,2048,128000,PP1024,408.84066666666666,3.4106486675313277,404.908,410.989,410.625
moe,Qwen3.6 35B A3B,Qwen3.6-35B-A3B-UD-Q3_K_M,qwen35moe 35B.A3B Q3_K - Medium,2048,128000,PP2048,424.019,2.297504080518668,421.374,425.164,425.519
moe,Qwen3.6 35B A3B,Qwen3.6-35B-A3B-UD-Q3_K_M,qwen35moe 35B.A3B Q3_K - Medium,2048,128000,PP4096,422.0806666666667,0.044015148907328355,422.124,422.082,422.036
moe,Qwen3.6 35B A3B,Qwen3.6-35B-A3B-UD-Q3_K_M,qwen35moe 35B.A3B Q3_K - Medium,2048,128000,TG128,36.50053333333334,0.012989354615735575,36.5017,36.5129,36.487
moe,Qwen3.6 35B A3B,Qwen3.6-35B-A3B-UD-Q3_K_S,qwen35moe 35B.A3B Q3_K - Small,2048,0,PP512,1487.67,26.087872661449396,1458.38,1496.22,1508.41
moe,Qwen3.6 35B A3B,Qwen3.6-35B-A3B-UD-Q3_K_S,qwen35moe 35B.A3B Q3_K - Small,2048,0,PP1024,1869.7,16.89359641994569,1883.5,1850.86,1874.74
moe,Qwen3.6 35B A3B,Qwen3.6-35B-A3B-UD-Q3_K_S,qwen35moe 35B.A3B Q3_K - Small,2048,0,PP2048,2141.616666666667,3.0826341549612493,2138.27,2144.34,2142.24
moe,Qwen3.6 35B A3B,Qwen3.6-35B-A3B-UD-Q3_K_S,qwen35moe 35B.A3B Q3_K - Small,2048,0,PP4096,2078.403333333333,9.598876670388751,2089.48,2073.21,2072.52
moe,Qwen3.6 35B A3B,Qwen3.6-35B-A3B-UD-Q3_K_S,qwen35moe 35B.A3B Q3_K - Small,2048,0,TG128,62.44286666666667,0.009639674959941712,62.4347,62.4535,62.4404
moe,Qwen3.6 35B A3B,Qwen3.6-35B-A3B-UD-Q3_K_S,qwen35moe 35B.A3B Q3_K - Small,2048,12000,PP512,1163.8433333333332,46.586567091097535,1110.23,1186.84,1194.46
moe,Qwen3.6 35B A3B,Qwen3.6-35B-A3B-UD-Q3_K_S,qwen35moe 35B.A3B Q3_K - Small,2048,12000,PP1024,1446.1633333333334,45.37732510112669,1394.12,1466.92,1477.45
moe,Qwen3.6 35B A3B,Qwen3.6-35B-A3B-UD-Q3_K_S,qwen35moe 35B.A3B Q3_K - Small,2048,12000,PP2048,1619.4366666666667,27.53697393203063,1587.71,1637.13,1633.47
moe,Qwen3.6 35B A3B,Qwen3.6-35B-A3B-UD-Q3_K_S,qwen35moe 35B.A3B Q3_K - Small,2048,12000,PP4096,1577.8033333333333,12.372878942806052,1588.03,1581.33,1564.05
moe,Qwen3.6 35B A3B,Qwen3.6-35B-A3B-UD-Q3_K_S,qwen35moe 35B.A3B Q3_K - Small,2048,12000,TG128,57.90226666666667,0.014718129410129578,57.8868,57.9161,57.9039
moe,Qwen3.6 35B A3B,Qwen3.6-35B-A3B-UD-Q3_K_S,qwen35moe 35B.A3B Q3_K - Small,2048,32000,PP512,838.895,26.7983887388776,809.233,861.36,846.092
moe,Qwen3.6 35B A3B,Qwen3.6-35B-A3B-UD-Q3_K_S,qwen35moe 35B.A3B Q3_K - Small,2048,32000,PP1024,972.841,17.101175515151045,953.199,984.421,980.903
moe,Qwen3.6 35B A3B,Qwen3.6-35B-A3B-UD-Q3_K_S,qwen35moe 35B.A3B Q3_K - Small,2048,32000,PP2048,1060.9866666666667,9.504232390536997,1050.02,1066.83,1066.11
moe,Qwen3.6 35B A3B,Qwen3.6-35B-A3B-UD-Q3_K_S,qwen35moe 35B.A3B Q3_K - Small,2048,32000,PP4096,1049.65,2.0626196934966554,1051.65,1049.77,1047.53
moe,Qwen3.6 35B A3B,Qwen3.6-35B-A3B-UD-Q3_K_S,qwen35moe 35B.A3B Q3_K - Small,2048,32000,TG128,52.69273333333334,0.02199780292059684,52.6993,52.6682,52.7107
moe,Qwen3.6 35B A3B,Qwen3.6-35B-A3B-UD-Q3_K_S,qwen35moe 35B.A3B Q3_K - Small,2048,64000,PP512,601.0293333333334,20.991053435531345,576.791,613.19,613.107
moe,Qwen3.6 35B A3B,Qwen3.6-35B-A3B-UD-Q3_K_S,qwen35moe 35B.A3B Q3_K - Small,2048,64000,PP1024,667.604,10.631714207972284,655.427,675.043,672.342
moe,Qwen3.6 35B A3B,Qwen3.6-35B-A3B-UD-Q3_K_S,qwen35moe 35B.A3B Q3_K - Small,2048,64000,PP2048,710.5956666666666,4.837408844963757,705.43,715.019,711.338
moe,Qwen3.6 35B A3B,Qwen3.6-35B-A3B-UD-Q3_K_S,qwen35moe 35B.A3B Q3_K - Small,2048,64000,PP4096,701.6523333333333,1.8292559507442887,699.557,702.931,702.469
moe,Qwen3.6 35B A3B,Qwen3.6-35B-A3B-UD-Q3_K_S,qwen35moe 35B.A3B Q3_K - Small,2048,64000,TG128,45.76586666666667,0.05384759357049413,45.7743,45.7083,45.815
moe,Qwen3.6 35B A3B,Qwen3.6-35B-A3B-UD-Q3_K_S,qwen35moe 35B.A3B Q3_K - Small,2048,128000,PP512,382.782,5.084554356086679,377.101,386.906,384.339
moe,Qwen3.6 35B A3B,Qwen3.6-35B-A3B-UD-Q3_K_S,qwen35moe 35B.A3B Q3_K - Small,2048,128000,PP1024,406.459,3.5041585295188806,402.416,408.34,408.621
moe,Qwen3.6 35B A3B,Qwen3.6-35B-A3B-UD-Q3_K_S,qwen35moe 35B.A3B Q3_K - Small,2048,128000,PP2048,421.88733333333334,2.472116569527674,419.035,423.216,423.411
moe,Qwen3.6 35B A3B,Qwen3.6-35B-A3B-UD-Q3_K_S,qwen35moe 35B.A3B Q3_K - Small,2048,128000,PP4096,420.70733333333334,0.24508229910243567,420.7,420.466,420.956
moe,Qwen3.6 35B A3B,Qwen3.6-35B-A3B-UD-Q3_K_S,qwen35moe 35B.A3B Q3_K - Small,2048,128000,TG128,36.39333333333333,0.002542308662086681,36.3911,36.3961,36.3928
moe,Qwen3.6 35B A3B,Qwen3.6-35B-A3B-UD-Q3_K_XL,qwen35moe 35B.A3B Q3_K - Medium,2048,0,PP512,1555.08,10.832857425444088,1542.92,1563.7,1558.62
moe,Qwen3.6 35B A3B,Qwen3.6-35B-A3B-UD-Q3_K_XL,qwen35moe 35B.A3B Q3_K - Medium,2048,0,PP1024,1945.0433333333333,3.88000429553022,1949.52,1942.96,1942.65
moe,Qwen3.6 35B A3B,Qwen3.6-35B-A3B-UD-Q3_K_XL,qwen35moe 35B.A3B Q3_K - Medium,2048,0,PP2048,2205.1266666666666,5.212718420683376,2209.97,2199.61,2205.8
moe,Qwen3.6 35B A3B,Qwen3.6-35B-A3B-UD-Q3_K_XL,qwen35moe 35B.A3B Q3_K - Medium,2048,0,PP4096,2139.25,6.742670094257895,2146.71,2137.45,2133.59
moe,Qwen3.6 35B A3B,Qwen3.6-35B-A3B-UD-Q3_K_XL,qwen35moe 35B.A3B Q3_K - Medium,2048,0,TG128,62.893366666666665,0.019543370572479984,62.8708,62.9047,62.9046
moe,Qwen3.6 35B A3B,Qwen3.6-35B-A3B-UD-Q3_K_XL,qwen35moe 35B.A3B Q3_K - Medium,2048,12000,PP512,1209.95,57.78987541083641,1143.22,1243.31,1243.32
moe,Qwen3.6 35B A3B,Qwen3.6-35B-A3B-UD-Q3_K_XL,qwen35moe 35B.A3B Q3_K - Medium,2048,12000,PP1024,1480.9366666666667,47.1850414149796,1426.61,1511.69,1504.51
moe,Qwen3.6 35B A3B,Qwen3.6-35B-A3B-UD-Q3_K_XL,qwen35moe 35B.A3B Q3_K - Medium,2048,12000,PP2048,1650.21,29.730435583758247,1615.93,1668.95,1665.75
moe,Qwen3.6 35B A3B,Qwen3.6-35B-A3B-UD-Q3_K_XL,qwen35moe 35B.A3B Q3_K - Medium,2048,12000,PP4096,1608.44,14.201394297744116,1621.2,1610.98,1593.14
moe,Qwen3.6 35B A3B,Qwen3.6-35B-A3B-UD-Q3_K_XL,qwen35moe 35B.A3B Q3_K - Medium,2048,12000,TG128,58.3043,0.04159627387158362,58.3298,58.3268,58.2563
moe,Qwen3.6 35B A3B,Qwen3.6-35B-A3B-UD-Q3_K_XL,qwen35moe 35B.A3B Q3_K - Medium,2048,32000,PP512,857.4366666666667,34.64385960503438,818.085,883.34,870.885
moe,Qwen3.6 35B A3B,Qwen3.6-35B-A3B-UD-Q3_K_XL,qwen35moe 35B.A3B Q3_K - Medium,2048,32000,PP1024,991.7266666666667,17.595125271885216,971.41,1002,1001.77
moe,Qwen3.6 35B A3B,Qwen3.6-35B-A3B-UD-Q3_K_XL,qwen35moe 35B.A3B Q3_K - Medium,2048,32000,PP2048,1075.5166666666667,11.54907066968306,1062.28,1080.73,1083.54
moe,Qwen3.6 35B A3B,Qwen3.6-35B-A3B-UD-Q3_K_XL,qwen35moe 35B.A3B Q3_K - Medium,2048,32000,PP4096,1062.5133333333333,3.289564307523607,1066.01,1062.05,1059.48
moe,Qwen3.6 35B A3B,Qwen3.6-35B-A3B-UD-Q3_K_XL,qwen35moe 35B.A3B Q3_K - Medium,2048,32000,TG128,53.17316666666667,0.006965869172854343,53.1695,53.1812,53.1688
moe,Qwen3.6 35B A3B,Qwen3.6-35B-A3B-UD-Q3_K_XL,qwen35moe 35B.A3B Q3_K - Medium,2048,64000,PP512,614.7683333333333,15.768879425416834,596.56,623.87,623.875
moe,Qwen3.6 35B A3B,Qwen3.6-35B-A3B-UD-Q3_K_XL,qwen35moe 35B.A3B Q3_K - Medium,2048,64000,PP1024,677.1813333333333,11.240308373587126,664.206,683.943,683.395
moe,Qwen3.6 35B A3B,Qwen3.6-35B-A3B-UD-Q3_K_XL,qwen35moe 35B.A3B Q3_K - Medium,2048,64000,PP2048,717.6666666666667,5.296100672507396,711.835,722.177,718.988
moe,Qwen3.6 35B A3B,Qwen3.6-35B-A3B-UD-Q3_K_XL,qwen35moe 35B.A3B Q3_K - Medium,2048,64000,PP4096,709.9206666666666,1.8145548581768554,710.25,711.548,707.964
moe,Qwen3.6 35B A3B,Qwen3.6-35B-A3B-UD-Q3_K_XL,qwen35moe 35B.A3B Q3_K - Medium,2048,64000,TG128,46.1642,0.005963220606351107,46.1626,46.1708,46.1592
moe,Qwen3.6 35B A3B,Qwen3.6-35B-A3B-UD-Q3_K_XL,qwen35moe 35B.A3B Q3_K - Medium,2048,128000,PP512,387.536,6.180180660789777,380.467,391.917,390.224
moe,Qwen3.6 35B A3B,Qwen3.6-35B-A3B-UD-Q3_K_XL,qwen35moe 35B.A3B Q3_K - Medium,2048,128000,PP1024,409.7373333333333,3.971106940556172,405.152,412.057,412.003
moe,Qwen3.6 35B A3B,Qwen3.6-35B-A3B-UD-Q3_K_XL,qwen35moe 35B.A3B Q3_K - Medium,2048,128000,PP2048,423.876,1.752084758223778,421.941,425.355,424.332
moe,Qwen3.6 35B A3B,Qwen3.6-35B-A3B-UD-Q3_K_XL,qwen35moe 35B.A3B Q3_K - Medium,2048,128000,PP4096,422.831,0.17822457742970446,423.031,422.773,422.689
moe,Qwen3.6 35B A3B,Qwen3.6-35B-A3B-UD-Q3_K_XL,qwen35moe 35B.A3B Q3_K - Medium,2048,128000,TG128,36.5705,0.003862641583167444,36.5663,36.5739,36.5713
moe,Qwen3.6 35B A3B,Qwen3.6-35B-A3B-UD-Q4_K_M,qwen35moe 35B.A3B Q4_K - Medium,2048,0,PP512,2171.0733333333333,20.510169022544154,2147.53,2185.07,2180.62
moe,Qwen3.6 35B A3B,Qwen3.6-35B-A3B-UD-Q4_K_M,qwen35moe 35B.A3B Q4_K - Medium,2048,0,PP1024,2335.8433333333332,4.513106838236073,2340.45,2331.43,2335.65
moe,Qwen3.6 35B A3B,Qwen3.6-35B-A3B-UD-Q4_K_M,qwen35moe 35B.A3B Q4_K - Medium,2048,0,PP2048,2434.7433333333333,0.6381483631048057,2434.39,2435.48,2434.36
moe,Qwen3.6 35B A3B,Qwen3.6-35B-A3B-UD-Q4_K_M,qwen35moe 35B.A3B Q4_K - Medium,2048,0,PP4096,2394.0666666666666,3.2502666557273336,2396.13,2395.75,2390.32
moe,Qwen3.6 35B A3B,Qwen3.6-35B-A3B-UD-Q4_K_M,qwen35moe 35B.A3B Q4_K - Medium,2048,0,TG128,60.21483333333333,0.01487593134339379,60.2009,60.2305,60.2131
moe,Qwen3.6 35B A3B,Qwen3.6-35B-A3B-UD-Q4_K_M,qwen35moe 35B.A3B Q4_K - Medium,2048,12000,PP512,1574.72,111.0867809417484,1446.45,1639.47,1638.24
moe,Qwen3.6 35B A3B,Qwen3.6-35B-A3B-UD-Q4_K_M,qwen35moe 35B.A3B Q4_K - Medium,2048,12000,PP1024,1707.89,67.09807225248721,1630.42,1747.6,1745.65
moe,Qwen3.6 35B A3B,Qwen3.6-35B-A3B-UD-Q4_K_M,qwen35moe 35B.A3B Q4_K - Medium,2048,12000,PP2048,1798.4,39.012182712583545,1753.52,1824.2,1817.48
moe,Qwen3.6 35B A3B,Qwen3.6-35B-A3B-UD-Q4_K_M,qwen35moe 35B.A3B Q4_K - Medium,2048,12000,PP4096,1761.5366666666666,2.8679667594540583,1764.52,1761.29,1758.8
moe,Qwen3.6 35B A3B,Qwen3.6-35B-A3B-UD-Q4_K_M,qwen35moe 35B.A3B Q4_K - Medium,2048,12000,TG128,56.0542,0.004464302857108929,56.0593,56.0523,56.051
moe,Qwen3.6 35B A3B,Qwen3.6-35B-A3B-UD-Q4_K_M,qwen35moe 35B.A3B Q4_K - Medium,2048,32000,PP512,1027.55,48.68233868663251,971.34,1055.11,1056.2
moe,Qwen3.6 35B A3B,Qwen3.6-35B-A3B-UD-Q4_K_M,qwen35moe 35B.A3B Q4_K - Medium,2048,32000,PP1024,1097.69,28.10733178371791,1065.25,1114.78,1113.04
moe,Qwen3.6 35B A3B,Qwen3.6-35B-A3B-UD-Q4_K_M,qwen35moe 35B.A3B Q4_K - Medium,2048,32000,PP2048,1149.2266666666667,13.907351772833387,1133.25,1155.81,1158.62
moe,Qwen3.6 35B A3B,Qwen3.6-35B-A3B-UD-Q4_K_M,qwen35moe 35B.A3B Q4_K - Medium,2048,32000,PP4096,1125.7433333333333,6.266867904570286,1131.92,1119.39,1125.92
moe,Qwen3.6 35B A3B,Qwen3.6-35B-A3B-UD-Q4_K_M,qwen35moe 35B.A3B Q4_K - Medium,2048,32000,TG128,51.32866666666667,0.04829226991282861,51.2731,51.3524,51.3605
moe,Qwen3.6 35B A3B,Qwen3.6-35B-A3B-UD-Q4_K_M,qwen35moe 35B.A3B Q4_K - Medium,2048,64000,PP512,689.8656666666667,21.171694177210647,665.435,702.854,701.308
moe,Qwen3.6 35B A3B,Qwen3.6-35B-A3B-UD-Q4_K_M,qwen35moe 35B.A3B Q4_K - Medium,2048,64000,PP1024,719.5366666666666,12.843737241680595,704.706,726.943,726.961
moe,Qwen3.6 35B A3B,Qwen3.6-35B-A3B-UD-Q4_K_M,qwen35moe 35B.A3B Q4_K - Medium,2048,64000,PP2048,746.1943333333334,6.313955363584126,738.926,750.323,749.334
moe,Qwen3.6 35B A3B,Qwen3.6-35B-A3B-UD-Q4_K_M,qwen35moe 35B.A3B Q4_K - Medium,2048,64000,PP4096,736.0483333333333,0.6860075315427223,735.907,736.794,735.444
moe,Qwen3.6 35B A3B,Qwen3.6-35B-A3B-UD-Q4_K_M,qwen35moe 35B.A3B Q4_K - Medium,2048,64000,TG128,44.765633333333334,0.02626962758269121,44.7857,44.7753,44.7359
moe,Qwen3.6 35B A3B,Qwen3.6-35B-A3B-UD-Q4_K_M,qwen35moe 35B.A3B Q4_K - Medium,2048,128000,PP512,415.706,6.954523779526545,407.895,417.997,421.226
moe,Qwen3.6 35B A3B,Qwen3.6-35B-A3B-UD-Q4_K_M,qwen35moe 35B.A3B Q4_K - Medium,2048,128000,PP1024,424.8276666666667,4.368216607877104,419.815,427.82,426.848
moe,Qwen3.6 35B A3B,Qwen3.6-35B-A3B-UD-Q4_K_M,qwen35moe 35B.A3B Q4_K - Medium,2048,128000,PP2048,433.0323333333333,1.71452918707536,431.055,434.106,433.936
moe,Qwen3.6 35B A3B,Qwen3.6-35B-A3B-UD-Q4_K_M,qwen35moe 35B.A3B Q4_K - Medium,2048,128000,PP4096,431.5346666666667,0.3552215271254258,431.941,431.38,431.283
moe,Qwen3.6 35B A3B,Qwen3.6-35B-A3B-UD-Q4_K_M,qwen35moe 35B.A3B Q4_K - Medium,2048,128000,TG128,35.6733,0.02168109775818559,35.6586,35.6631,35.6982
moe,Qwen3.6 35B A3B,Qwen3.6-35B-A3B-UD-Q4_K_S,qwen35moe 35B.A3B Q4_K - Small,2048,0,PP512,2153.4366666666665,65.76941563776695,2081.08,2209.59,2169.64
moe,Qwen3.6 35B A3B,Qwen3.6-35B-A3B-UD-Q4_K_S,qwen35moe 35B.A3B Q4_K - Small,2048,0,PP1024,2366.31,0.868158971617556,2367.27,2366.08,2365.58
moe,Qwen3.6 35B A3B,Qwen3.6-35B-A3B-UD-Q4_K_S,qwen35moe 35B.A3B Q4_K - Small,2048,0,PP2048,2463.6766666666667,4.681285436003048,2458.31,2465.8,2466.92
moe,Qwen3.6 35B A3B,Qwen3.6-35B-A3B-UD-Q4_K_S,qwen35moe 35B.A3B Q4_K - Small,2048,0,PP4096,2395.65,2.434686838178532,2398.46,2394.32,2394.17
moe,Qwen3.6 35B A3B,Qwen3.6-35B-A3B-UD-Q4_K_S,qwen35moe 35B.A3B Q4_K - Small,2048,0,TG128,61.68176666666667,0.018876793513023925,61.6861,61.6981,61.6611
moe,Qwen3.6 35B A3B,Qwen3.6-35B-A3B-UD-Q4_K_S,qwen35moe 35B.A3B Q4_K - Small,2048,12000,PP512,1587.39,113.49107497948913,1456.35,1651.64,1654.18
moe,Qwen3.6 35B A3B,Qwen3.6-35B-A3B-UD-Q4_K_S,qwen35moe 35B.A3B Q4_K - Small,2048,12000,PP1024,1727.2966666666666,66.3796243837921,1650.65,1766.09,1765.15
moe,Qwen3.6 35B A3B,Qwen3.6-35B-A3B-UD-Q4_K_S,qwen35moe 35B.A3B Q4_K - Small,2048,12000,PP2048,1803.4566666666667,37.75628468657023,1759.87,1826.08,1824.42
moe,Qwen3.6 35B A3B,Qwen3.6-35B-A3B-UD-Q4_K_S,qwen35moe 35B.A3B Q4_K - Small,2048,12000,PP4096,1769.5166666666667,4.811541679475864,1775.01,1767.49,1766.05
moe,Qwen3.6 35B A3B,Qwen3.6-35B-A3B-UD-Q4_K_S,qwen35moe 35B.A3B Q4_K - Small,2048,12000,TG128,57.3451,0.010792126759817323,57.3534,57.349,57.3329
moe,Qwen3.6 35B A3B,Qwen3.6-35B-A3B-UD-Q4_K_S,qwen35moe 35B.A3B Q4_K - Small,2048,32000,PP512,1032.6066666666666,46.83490827719572,978.65,1056.42,1062.75
moe,Qwen3.6 35B A3B,Qwen3.6-35B-A3B-UD-Q4_K_S,qwen35moe 35B.A3B Q4_K - Small,2048,32000,PP1024,1104.6699999999998,28.685278454287285,1071.55,1120.85,1121.61
moe,Qwen3.6 35B A3B,Qwen3.6-35B-A3B-UD-Q4_K_S,qwen35moe 35B.A3B Q4_K - Small,2048,32000,PP2048,1154.39,9.526137727326846,1143.48,1158.63,1161.06
moe,Qwen3.6 35B A3B,Qwen3.6-35B-A3B-UD-Q4_K_S,qwen35moe 35B.A3B Q4_K - Small,2048,32000,PP4096,1128.0233333333333,3.84848455022666,1132.44,1126.24,1125.39
moe,Qwen3.6 35B A3B,Qwen3.6-35B-A3B-UD-Q4_K_S,qwen35moe 35B.A3B Q4_K - Small,2048,32000,TG128,52.316966666666666,0.0008621678104250845,52.3179,52.3162,52.3168
moe,Qwen3.6 35B A3B,Qwen3.6-35B-A3B-UD-Q4_K_S,qwen35moe 35B.A3B Q4_K - Small,2048,64000,PP512,691.7473333333334,21.11759148987722,667.382,704.767,703.093
moe,Qwen3.6 35B A3B,Qwen3.6-35B-A3B-UD-Q4_K_S,qwen35moe 35B.A3B Q4_K - Small,2048,64000,PP1024,721.4606666666666,12.091083174527125,707.524,727.707,729.151
moe,Qwen3.6 35B A3B,Qwen3.6-35B-A3B-UD-Q4_K_S,qwen35moe 35B.A3B Q4_K - Small,2048,64000,PP2048,745.0033333333333,7.54298378185538,736.404,748.105,750.501
moe,Qwen3.6 35B A3B,Qwen3.6-35B-A3B-UD-Q4_K_S,qwen35moe 35B.A3B Q4_K - Small,2048,64000,PP4096,736.3943333333333,1.2283848474046537,736.737,737.415,735.031
moe,Qwen3.6 35B A3B,Qwen3.6-35B-A3B-UD-Q4_K_S,qwen35moe 35B.A3B Q4_K - Small,2048,64000,TG128,45.4972,0.03598221783047648,45.47,45.4836,45.538
moe,Qwen3.6 35B A3B,Qwen3.6-35B-A3B-UD-Q4_K_S,qwen35moe 35B.A3B Q4_K - Small,2048,128000,PP512,417.20866666666666,7.897895057123337,408.089,421.791,421.746
moe,Qwen3.6 35B A3B,Qwen3.6-35B-A3B-UD-Q4_K_S,qwen35moe 35B.A3B Q4_K - Small,2048,128000,PP1024,425.51166666666666,4.05157997987616,420.836,427.712,427.987
moe,Qwen3.6 35B A3B,Qwen3.6-35B-A3B-UD-Q4_K_S,qwen35moe 35B.A3B Q4_K - Small,2048,128000,PP2048,432.57433333333336,2.054989132169152,430.204,433.855,433.664
moe,Qwen3.6 35B A3B,Qwen3.6-35B-A3B-UD-Q4_K_S,qwen35moe 35B.A3B Q4_K - Small,2048,128000,PP4096,431.081,0.15761662348877048,430.974,431.262,431.007
moe,Qwen3.6 35B A3B,Qwen3.6-35B-A3B-UD-Q4_K_S,qwen35moe 35B.A3B Q4_K - Small,2048,128000,TG128,36.1215,0.010352294431667979,36.1203,36.1324,36.1118
moe,Qwen3.6 35B A3B,Qwen3.6-35B-A3B-UD-Q4_K_XL,qwen35moe 35B.A3B Q4_K - Medium,2048,0,PP512,2121.08,20.429324511593723,2098.72,2138.77,2125.75
moe,Qwen3.6 35B A3B,Qwen3.6-35B-A3B-UD-Q4_K_XL,qwen35moe 35B.A3B Q4_K - Medium,2048,0,PP1024,2333.653333333333,6.353442636345593,2340.67,2328.29,2332
moe,Qwen3.6 35B A3B,Qwen3.6-35B-A3B-UD-Q4_K_XL,qwen35moe 35B.A3B Q4_K - Medium,2048,0,PP2048,2450.1433333333334,2.0657282815831857,2452.24,2448.11,2450.08
moe,Qwen3.6 35B A3B,Qwen3.6-35B-A3B-UD-Q4_K_XL,qwen35moe 35B.A3B Q4_K - Medium,2048,0,PP4096,2376.8,3.5379655170734696,2380.82,2375.42,2374.16
moe,Qwen3.6 35B A3B,Qwen3.6-35B-A3B-UD-Q4_K_XL,qwen35moe 35B.A3B Q4_K - Medium,2048,0,TG128,58.32516666666667,0.013706324574198939,58.3266,58.3381,58.3108
moe,Qwen3.6 35B A3B,Qwen3.6-35B-A3B-UD-Q4_K_XL,qwen35moe 35B.A3B Q4_K - Medium,2048,12000,PP512,1574.3533333333332,110.04840313849785,1447.33,1640.94,1634.79
moe,Qwen3.6 35B A3B,Qwen3.6-35B-A3B-UD-Q4_K_XL,qwen35moe 35B.A3B Q4_K - Medium,2048,12000,PP1024,1707.2866666666666,64.532195323988,1632.85,1747.47,1741.54
moe,Qwen3.6 35B A3B,Qwen3.6-35B-A3B-UD-Q4_K_XL,qwen35moe 35B.A3B Q4_K - Medium,2048,12000,PP2048,1795.42,38.72966821443216,1750.7,1818.06,1817.5
moe,Qwen3.6 35B A3B,Qwen3.6-35B-A3B-UD-Q4_K_XL,qwen35moe 35B.A3B Q4_K - Medium,2048,12000,PP4096,1757.83,1.353477003868247,1758.96,1758.2,1756.33
moe,Qwen3.6 35B A3B,Qwen3.6-35B-A3B-UD-Q4_K_XL,qwen35moe 35B.A3B Q4_K - Medium,2048,12000,TG128,54.44413333333333,0.007757147241953331,54.453,54.4408,54.4386
moe,Qwen3.6 35B A3B,Qwen3.6-35B-A3B-UD-Q4_K_XL,qwen35moe 35B.A3B Q4_K - Medium,2048,32000,PP512,1028.424,49.21927232294279,971.592,1057.2,1056.48
moe,Qwen3.6 35B A3B,Qwen3.6-35B-A3B-UD-Q4_K_XL,qwen35moe 35B.A3B Q4_K - Medium,2048,32000,PP1024,1098.7766666666666,27.0258123528847,1067.57,1114.43,1114.33
moe,Qwen3.6 35B A3B,Qwen3.6-35B-A3B-UD-Q4_K_XL,qwen35moe 35B.A3B Q4_K - Medium,2048,32000,PP2048,1145.7666666666667,18.163714744878927,1124.98,1158.58,1153.74
moe,Qwen3.6 35B A3B,Qwen3.6-35B-A3B-UD-Q4_K_XL,qwen35moe 35B.A3B Q4_K - Medium,2048,32000,PP4096,1134.3,3.0141831397577836,1132.61,1137.78,1132.51
moe,Qwen3.6 35B A3B,Qwen3.6-35B-A3B-UD-Q4_K_XL,qwen35moe 35B.A3B Q4_K - Medium,2048,32000,TG128,50.001466666666666,0.002956912804488052,50.0043,49.9984,50.0017
moe,Qwen3.6 35B A3B,Qwen3.6-35B-A3B-UD-Q4_K_XL,qwen35moe 35B.A3B Q4_K - Medium,2048,64000,PP512,681.1676666666666,23.46202040177558,654.107,695.819,693.577
moe,Qwen3.6 35B A3B,Qwen3.6-35B-A3B-UD-Q4_K_XL,qwen35moe 35B.A3B Q4_K - Medium,2048,64000,PP1024,718.446,12.086392513897627,704.588,723.944,726.806
moe,Qwen3.6 35B A3B,Qwen3.6-35B-A3B-UD-Q4_K_XL,qwen35moe 35B.A3B Q4_K - Medium,2048,64000,PP2048,744.4893333333333,6.427215752822765,737.099,748.773,747.596
moe,Qwen3.6 35B A3B,Qwen3.6-35B-A3B-UD-Q4_K_XL,qwen35moe 35B.A3B Q4_K - Medium,2048,64000,PP4096,734.8846666666667,0.5026532933676363,734.899,735.38,734.375
moe,Qwen3.6 35B A3B,Qwen3.6-35B-A3B-UD-Q4_K_XL,qwen35moe 35B.A3B Q4_K - Medium,2048,64000,TG128,43.77043333333333,0.0051032669275026836,43.7761,43.7662,43.769
moe,Qwen3.6 35B A3B,Qwen3.6-35B-A3B-UD-Q4_K_XL,qwen35moe 35B.A3B Q4_K - Medium,2048,128000,PP512,415.79033333333336,7.463877700855855,407.194,420.624,419.553
moe,Qwen3.6 35B A3B,Qwen3.6-35B-A3B-UD-Q4_K_XL,qwen35moe 35B.A3B Q4_K - Medium,2048,128000,PP1024,424.68266666666665,4.529620550701061,419.453,427.224,427.371
moe,Qwen3.6 35B A3B,Qwen3.6-35B-A3B-UD-Q4_K_XL,qwen35moe 35B.A3B Q4_K - Medium,2048,128000,PP2048,433.03266666666667,2.02975597876527,430.69,434.266,434.142
moe,Qwen3.6 35B A3B,Qwen3.6-35B-A3B-UD-Q4_K_XL,qwen35moe 35B.A3B Q4_K - Medium,2048,128000,PP4096,431.398,0.2470242903036145,431.682,431.279,431.233
moe,Qwen3.6 35B A3B,Qwen3.6-35B-A3B-UD-Q4_K_XL,qwen35moe 35B.A3B Q4_K - Medium,2048,128000,TG128,35.03203333333333,0.005776100183802579,35.0381,35.0266,35.0314
moe,Qwen3.6 35B A3B,Qwen3.6-35B-A3B-UD-Q5_K_M,qwen35moe 35B.A3B Q5_K - Medium,2048,0,PP512,2072.8133333333335,7.586542910531239,2064.59,2079.54,2074.31
moe,Qwen3.6 35B A3B,Qwen3.6-35B-A3B-UD-Q5_K_M,qwen35moe 35B.A3B Q5_K - Medium,2048,0,PP1024,2213.2933333333335,1.3963285191292374,2212.18,2214.86,2212.84
moe,Qwen3.6 35B A3B,Qwen3.6-35B-A3B-UD-Q5_K_M,qwen35moe 35B.A3B Q5_K - Medium,2048,0,PP2048,2382.47,1.0643777524921434,2383.67,2382.1,2381.64
moe,Qwen3.6 35B A3B,Qwen3.6-35B-A3B-UD-Q5_K_M,qwen35moe 35B.A3B Q5_K - Medium,2048,0,PP4096,2309.8766666666666,3.170115665608028,2312.74,2310.42,2306.47
moe,Qwen3.6 35B A3B,Qwen3.6-35B-A3B-UD-Q5_K_M,qwen35moe 35B.A3B Q5_K - Medium,2048,0,TG128,55.970333333333336,0.0049217205663576935,55.965,55.9713,55.9747
moe,Qwen3.6 35B A3B,Qwen3.6-35B-A3B-UD-Q5_K_M,qwen35moe 35B.A3B Q5_K - Medium,2048,12000,PP512,1522.8733333333334,104.36980326384314,1402.39,1585.54,1580.69
moe,Qwen3.6 35B A3B,Qwen3.6-35B-A3B-UD-Q5_K_M,qwen35moe 35B.A3B Q5_K - Medium,2048,12000,PP1024,1636.2066666666667,56.35202244226318,1571.2,1666.23,1671.19
moe,Qwen3.6 35B A3B,Qwen3.6-35B-A3B-UD-Q5_K_M,qwen35moe 35B.A3B Q5_K - Medium,2048,12000,PP2048,1754.0733333333333,36.059113041412054,1712.48,1776.53,1773.21
moe,Qwen3.6 35B A3B,Qwen3.6-35B-A3B-UD-Q5_K_M,qwen35moe 35B.A3B Q5_K - Medium,2048,12000,PP4096,1711.7633333333333,1.9363453548717886,1713.74,1709.87,1711.68
moe,Qwen3.6 35B A3B,Qwen3.6-35B-A3B-UD-Q5_K_M,qwen35moe 35B.A3B Q5_K - Medium,2048,12000,TG128,52.4211,0.0040632499307812825,52.4196,52.4257,52.418
moe,Qwen3.6 35B A3B,Qwen3.6-35B-A3B-UD-Q5_K_M,qwen35moe 35B.A3B Q5_K - Medium,2048,32000,PP512,1008.221,45.26919585104204,955.953,1034.94,1033.77
moe,Qwen3.6 35B A3B,Qwen3.6-35B-A3B-UD-Q5_K_M,qwen35moe 35B.A3B Q5_K - Medium,2048,32000,PP1024,1071.5233333333333,26.2812658244106,1041.25,1088.49,1084.83
moe,Qwen3.6 35B A3B,Qwen3.6-35B-A3B-UD-Q5_K_M,qwen35moe 35B.A3B Q5_K - Medium,2048,32000,PP2048,1131.93,11.521757678409962,1118.7,1139.76,1137.33
moe,Qwen3.6 35B A3B,Qwen3.6-35B-A3B-UD-Q5_K_M,qwen35moe 35B.A3B Q5_K - Medium,2048,32000,PP4096,1104.4166666666667,2.625344421848937,1106.94,1101.7,1104.61
moe,Qwen3.6 35B A3B,Qwen3.6-35B-A3B-UD-Q5_K_M,qwen35moe 35B.A3B Q5_K - Medium,2048,32000,TG128,48.271433333333334,0.0015502687938995323,48.2714,48.273,48.2699
moe,Qwen3.6 35B A3B,Qwen3.6-35B-A3B-UD-Q5_K_M,qwen35moe 35B.A3B Q5_K - Medium,2048,64000,PP512,680.5106666666667,20.96583373809241,656.303,692.374,692.855
moe,Qwen3.6 35B A3B,Qwen3.6-35B-A3B-UD-Q5_K_M,qwen35moe 35B.A3B Q5_K - Medium,2048,64000,PP1024,707.437,13.213605601803037,692.193,715.62,714.498
moe,Qwen3.6 35B A3B,Qwen3.6-35B-A3B-UD-Q5_K_M,qwen35moe 35B.A3B Q5_K - Medium,2048,64000,PP2048,734.534,3.9625500627752577,729.968,737.073,736.561
moe,Qwen3.6 35B A3B,Qwen3.6-35B-A3B-UD-Q5_K_M,qwen35moe 35B.A3B Q5_K - Medium,2048,64000,PP4096,726.506,0.4304358256465363,726.976,726.411,726.131
moe,Qwen3.6 35B A3B,Qwen3.6-35B-A3B-UD-Q5_K_M,qwen35moe 35B.A3B Q5_K - Medium,2048,64000,TG128,42.408500000000004,0.015108937752205254,42.3937,42.4079,42.4239
moe,Qwen3.6 35B A3B,Qwen3.6-35B-A3B-UD-Q5_K_M,qwen35moe 35B.A3B Q5_K - Medium,2048,128000,PP512,412.72133333333335,7.917502910219439,403.665,416.166,418.333
moe,Qwen3.6 35B A3B,Qwen3.6-35B-A3B-UD-Q5_K_M,qwen35moe 35B.A3B Q5_K - Medium,2048,128000,PP1024,420.892,4.670398162897901,415.515,423.222,423.939
moe,Qwen3.6 35B A3B,Qwen3.6-35B-A3B-UD-Q5_K_M,qwen35moe 35B.A3B Q5_K - Medium,2048,128000,PP2048,430.90766666666667,1.9505769232033394,428.657,431.958,432.108
moe,Qwen3.6 35B A3B,Qwen3.6-35B-A3B-UD-Q5_K_M,qwen35moe 35B.A3B Q5_K - Medium,2048,128000,PP4096,428.074,0.4471643992985267,428.564,427.688,427.97
moe,Qwen3.6 35B A3B,Qwen3.6-35B-A3B-UD-Q5_K_M,qwen35moe 35B.A3B Q5_K - Medium,2048,128000,TG128,34.200833333333335,0.013588352855784023,34.1854,34.211,34.2061
moe,Qwen3.6 35B A3B,Qwen3.6-35B-A3B-UD-Q5_K_S,qwen35moe 35B.A3B Q5_K - Small,2048,0,PP512,2180.9266666666667,11.21615501557174,2168.5,2183.98,2190.3
moe,Qwen3.6 35B A3B,Qwen3.6-35B-A3B-UD-Q5_K_S,qwen35moe 35B.A3B Q5_K - Small,2048,0,PP1024,2306.71,3.6820782175286495,2306.15,2303.34,2310.64
moe,Qwen3.6 35B A3B,Qwen3.6-35B-A3B-UD-Q5_K_S,qwen35moe 35B.A3B Q5_K - Small,2048,0,PP2048,2469.7633333333333,2.6235916857113204,2472.01,2466.88,2470.4
moe,Qwen3.6 35B A3B,Qwen3.6-35B-A3B-UD-Q5_K_S,qwen35moe 35B.A3B Q5_K - Small,2048,0,PP4096,2391.1,0.5129327441292676,2391.69,2390.85,2390.76
moe,Qwen3.6 35B A3B,Qwen3.6-35B-A3B-UD-Q5_K_S,qwen35moe 35B.A3B Q5_K - Small,2048,0,TG128,57.527166666666666,0.027055929725908635,57.5498,57.5345,57.4972
moe,Qwen3.6 35B A3B,Qwen3.6-35B-A3B-UD-Q5_K_S,qwen35moe 35B.A3B Q5_K - Small,2048,12000,PP512,1573.9833333333333,111.68945533636256,1445.44,1629.2,1647.31
moe,Qwen3.6 35B A3B,Qwen3.6-35B-A3B-UD-Q5_K_S,qwen35moe 35B.A3B Q5_K - Small,2048,12000,PP1024,1692.1000000000001,62.11925868842928,1620.39,1726.52,1729.39
moe,Qwen3.6 35B A3B,Qwen3.6-35B-A3B-UD-Q5_K_S,qwen35moe 35B.A3B Q5_K - Small,2048,12000,PP2048,1801.67,35.112230063042105,1761.13,1822.44,1821.44
moe,Qwen3.6 35B A3B,Qwen3.6-35B-A3B-UD-Q5_K_S,qwen35moe 35B.A3B Q5_K - Small,2048,12000,PP4096,1756.9566666666667,4.118571758915088,1761.58,1753.68,1755.61
moe,Qwen3.6 35B A3B,Qwen3.6-35B-A3B-UD-Q5_K_S,qwen35moe 35B.A3B Q5_K - Small,2048,12000,TG128,53.69456666666667,0.004554484969051702,53.699,53.6899,53.6948
moe,Qwen3.6 35B A3B,Qwen3.6-35B-A3B-UD-Q5_K_S,qwen35moe 35B.A3B Q5_K - Small,2048,32000,PP512,1031.1846666666665,48.86928038485255,974.794,1061.19,1057.57
moe,Qwen3.6 35B A3B,Qwen3.6-35B-A3B-UD-Q5_K_S,qwen35moe 35B.A3B Q5_K - Small,2048,32000,PP1024,1092.6133333333332,26.76841858110655,1061.71,1108.6,1107.53
moe,Qwen3.6 35B A3B,Qwen3.6-35B-A3B-UD-Q5_K_S,qwen35moe 35B.A3B Q5_K - Small,2048,32000,PP2048,1153.3066666666666,18.76927897744958,1131.64,1164.59,1163.69
moe,Qwen3.6 35B A3B,Qwen3.6-35B-A3B-UD-Q5_K_S,qwen35moe 35B.A3B Q5_K - Small,2048,32000,PP4096,1132.3566666666666,4.911795326897642,1137.99,1130.11,1128.97
moe,Qwen3.6 35B A3B,Qwen3.6-35B-A3B-UD-Q5_K_S,qwen35moe 35B.A3B Q5_K - Small,2048,32000,TG128,49.34793333333334,0.016488278664959277,49.3665,49.3423,49.335
moe,Qwen3.6 35B A3B,Qwen3.6-35B-A3B-UD-Q5_K_S,qwen35moe 35B.A3B Q5_K - Small,2048,64000,PP512,690.7263333333334,22.50569139869587,664.739,703.725,703.715
moe,Qwen3.6 35B A3B,Qwen3.6-35B-A3B-UD-Q5_K_S,qwen35moe 35B.A3B Q5_K - Small,2048,64000,PP1024,717.1136666666666,11.420086441587587,703.936,724.127,723.278
moe,Qwen3.6 35B A3B,Qwen3.6-35B-A3B-UD-Q5_K_S,qwen35moe 35B.A3B Q5_K - Small,2048,64000,PP2048,744.4323333333333,4.905000543662923,739.188,748.907,745.202
moe,Qwen3.6 35B A3B,Qwen3.6-35B-A3B-UD-Q5_K_S,qwen35moe 35B.A3B Q5_K - Small,2048,64000,PP4096,735.1263333333334,0.4987247069609785,734.561,735.314,735.504
moe,Qwen3.6 35B A3B,Qwen3.6-35B-A3B-UD-Q5_K_S,qwen35moe 35B.A3B Q5_K - Small,2048,64000,TG128,43.30416666666667,0.005014312847572159,43.3075,43.3066,43.2984
moe,Qwen3.6 35B A3B,Qwen3.6-35B-A3B-UD-Q5_K_S,qwen35moe 35B.A3B Q5_K - Small,2048,128000,PP512,416.62,7.998760716511018,407.384,421.189,421.287
moe,Qwen3.6 35B A3B,Qwen3.6-35B-A3B-UD-Q5_K_S,qwen35moe 35B.A3B Q5_K - Small,2048,128000,PP1024,423.931,3.6131195662474282,419.794,426.467,425.532
moe,Qwen3.6 35B A3B,Qwen3.6-35B-A3B-UD-Q5_K_S,qwen35moe 35B.A3B Q5_K - Small,2048,128000,PP2048,433.70866666666666,2.7575134330286413,430.529,435.153,435.444
moe,Qwen3.6 35B A3B,Qwen3.6-35B-A3B-UD-Q5_K_S,qwen35moe 35B.A3B Q5_K - Small,2048,128000,PP4096,432.247,0.421273070584872,432.733,431.986,432.022
moe,Qwen3.6 35B A3B,Qwen3.6-35B-A3B-UD-Q5_K_S,qwen35moe 35B.A3B Q5_K - Small,2048,128000,TG128,34.73846666666667,0.003900427327017617,34.7384,34.7424,34.7346
moe,Qwen3.6 35B A3B,Qwen3.6-35B-A3B-UD-Q5_K_XL,qwen35moe 35B.A3B Q5_K - Medium,2048,0,PP512,2056.306666666667,4.75506396732292,2060.48,2057.31,2051.13
moe,Qwen3.6 35B A3B,Qwen3.6-35B-A3B-UD-Q5_K_XL,qwen35moe 35B.A3B Q5_K - Medium,2048,0,PP1024,2214.8566666666666,9.660027605205634,2224.53,2205.21,2214.83
moe,Qwen3.6 35B A3B,Qwen3.6-35B-A3B-UD-Q5_K_XL,qwen35moe 35B.A3B Q5_K - Medium,2048,0,PP2048,2378.8233333333333,1.9900083751917652,2380.81,2376.83,2378.83
moe,Qwen3.6 35B A3B,Qwen3.6-35B-A3B-UD-Q5_K_XL,qwen35moe 35B.A3B Q5_K - Medium,2048,0,PP4096,2309.6366666666668,2.1340415491113354,2312.09,2308.21,2308.61
moe,Qwen3.6 35B A3B,Qwen3.6-35B-A3B-UD-Q5_K_XL,qwen35moe 35B.A3B Q5_K - Medium,2048,0,TG128,56.6258,0.004853864439805623,56.6232,56.6314,56.6228
moe,Qwen3.6 35B A3B,Qwen3.6-35B-A3B-UD-Q5_K_XL,qwen35moe 35B.A3B Q5_K - Medium,2048,12000,PP512,1511.69,99.91840521145245,1396.32,1570.38,1568.37
moe,Qwen3.6 35B A3B,Qwen3.6-35B-A3B-UD-Q5_K_XL,qwen35moe 35B.A3B Q5_K - Medium,2048,12000,PP1024,1641.1166666666668,56.862673462767596,1575.46,1674.46,1673.43
moe,Qwen3.6 35B A3B,Qwen3.6-35B-A3B-UD-Q5_K_XL,qwen35moe 35B.A3B Q5_K - Medium,2048,12000,PP2048,1754.9133333333334,32.63676505619594,1717.23,1774.12,1773.39
moe,Qwen3.6 35B A3B,Qwen3.6-35B-A3B-UD-Q5_K_XL,qwen35moe 35B.A3B Q5_K - Medium,2048,12000,PP4096,1707.5933333333335,2.5225450111609655,1706.41,1705.88,1710.49
moe,Qwen3.6 35B A3B,Qwen3.6-35B-A3B-UD-Q5_K_XL,qwen35moe 35B.A3B Q5_K - Medium,2048,12000,TG128,52.972233333333335,0.021997575623995066,52.9889,52.9473,52.9805
moe,Qwen3.6 35B A3B,Qwen3.6-35B-A3B-UD-Q5_K_XL,qwen35moe 35B.A3B Q5_K - Medium,2048,32000,PP512,1005.9873333333334,45.87194132945904,953.022,1032.96,1031.98
moe,Qwen3.6 35B A3B,Qwen3.6-35B-A3B-UD-Q5_K_XL,qwen35moe 35B.A3B Q5_K - Medium,2048,32000,PP1024,1068.1466666666665,24.535195807927312,1039.83,1081.53,1083.08
moe,Qwen3.6 35B A3B,Qwen3.6-35B-A3B-UD-Q5_K_XL,qwen35moe 35B.A3B Q5_K - Medium,2048,32000,PP2048,1130.9466666666667,15.521135052995637,1113.14,1141.61,1138.09
moe,Qwen3.6 35B A3B,Qwen3.6-35B-A3B-UD-Q5_K_XL,qwen35moe 35B.A3B Q5_K - Medium,2048,32000,PP4096,1102.3166666666666,2.4104425596419707,1104.08,1099.57,1103.3
moe,Qwen3.6 35B A3B,Qwen3.6-35B-A3B-UD-Q5_K_XL,qwen35moe 35B.A3B Q5_K - Medium,2048,32000,TG128,48.748333333333335,0.003259345537576387,48.7447,48.751,48.7493
moe,Qwen3.6 35B A3B,Qwen3.6-35B-A3B-UD-Q5_K_XL,qwen35moe 35B.A3B Q5_K - Medium,2048,64000,PP512,678.168,21.251434492758364,653.644,689.686,691.174
moe,Qwen3.6 35B A3B,Qwen3.6-35B-A3B-UD-Q5_K_XL,qwen35moe 35B.A3B Q5_K - Medium,2048,64000,PP1024,706.2323333333334,11.8810251381492,692.634,714.604,711.459
moe,Qwen3.6 35B A3B,Qwen3.6-35B-A3B-UD-Q5_K_XL,qwen35moe 35B.A3B Q5_K - Medium,2048,64000,PP2048,733.5876666666667,3.9288900892406122,729.051,735.869,735.843
moe,Qwen3.6 35B A3B,Qwen3.6-35B-A3B-UD-Q5_K_XL,qwen35moe 35B.A3B Q5_K - Medium,2048,64000,PP4096,725.5803333333333,0.5542746010177318,726.065,725.7,724.976
moe,Qwen3.6 35B A3B,Qwen3.6-35B-A3B-UD-Q5_K_XL,qwen35moe 35B.A3B Q5_K - Medium,2048,64000,TG128,42.810633333333335,0.005921430007467387,42.8064,42.8081,42.8174
moe,Qwen3.6 35B A3B,Qwen3.6-35B-A3B-UD-Q5_K_XL,qwen35moe 35B.A3B Q5_K - Medium,2048,128000,PP512,412.26800000000003,6.904182717744356,404.386,415.173,417.245
moe,Qwen3.6 35B A3B,Qwen3.6-35B-A3B-UD-Q5_K_XL,qwen35moe 35B.A3B Q5_K - Medium,2048,128000,PP1024,418.7633333333333,3.209043834747853,415.778,418.355,422.157
moe,Qwen3.6 35B A3B,Qwen3.6-35B-A3B-UD-Q5_K_XL,qwen35moe 35B.A3B Q5_K - Medium,2048,128000,PP2048,430.2943333333333,2.556924389443945,427.346,431.633,431.904
moe,Qwen3.6 35B A3B,Qwen3.6-35B-A3B-UD-Q5_K_XL,qwen35moe 35B.A3B Q5_K - Medium,2048,128000,PP4096,428.556,0.3566973507050514,428.667,428.844,428.157
moe,Qwen3.6 35B A3B,Qwen3.6-35B-A3B-UD-Q5_K_XL,qwen35moe 35B.A3B Q5_K - Medium,2048,128000,TG128,34.449799999999996,0.004966890375276929,34.4555,34.4475,34.4464
moe,Qwen3.6 35B A3B,Qwen3.6-35B-A3B-UD-Q6_K,qwen35moe 35B.A3B Q6_K,2048,0,PP512,1856.1699999999998,2.771353459954153,1854.59,1859.37,1854.55
moe,Qwen3.6 35B A3B,Qwen3.6-35B-A3B-UD-Q6_K,qwen35moe 35B.A3B Q6_K,2048,0,PP1024,1989.6666666666665,4.889758003555321,1985.62,1988.28,1995.1
moe,Qwen3.6 35B A3B,Qwen3.6-35B-A3B-UD-Q6_K,qwen35moe 35B.A3B Q6_K,2048,0,PP2048,2172.87,3.026003965628577,2176,2169.96,2172.65
moe,Qwen3.6 35B A3B,Qwen3.6-35B-A3B-UD-Q6_K,qwen35moe 35B.A3B Q6_K,2048,0,PP4096,2103.5133333333333,12.895488875313477,2116.89,2102.49,2091.16
moe,Qwen3.6 35B A3B,Qwen3.6-35B-A3B-UD-Q6_K,qwen35moe 35B.A3B Q6_K,2048,0,TG128,55.3932,0.006399999999999295,55.3868,55.3932,55.3996
moe,Qwen3.6 35B A3B,Qwen3.6-35B-A3B-UD-Q6_K,qwen35moe 35B.A3B Q6_K,2048,12000,PP512,1396.8333333333333,88.53667789867286,1294.6,1448,1447.9
moe,Qwen3.6 35B A3B,Qwen3.6-35B-A3B-UD-Q6_K,qwen35moe 35B.A3B Q6_K,2048,12000,PP1024,1515.53,49.13231421376355,1458.92,1540.6,1547.07
moe,Qwen3.6 35B A3B,Qwen3.6-35B-A3B-UD-Q6_K,qwen35moe 35B.A3B Q6_K,2048,12000,PP2048,1628.92,24.76829223018821,1600.81,1647.54,1638.41
moe,Qwen3.6 35B A3B,Qwen3.6-35B-A3B-UD-Q6_K,qwen35moe 35B.A3B Q6_K,2048,12000,PP4096,1594.61,0.511175116765389,1594.12,1595.14,1594.57
moe,Qwen3.6 35B A3B,Qwen3.6-35B-A3B-UD-Q6_K,qwen35moe 35B.A3B Q6_K,2048,12000,TG128,51.93053333333333,0.014121024514294124,51.9355,51.9146,51.9415
moe,Qwen3.6 35B A3B,Qwen3.6-35B-A3B-UD-Q6_K,qwen35moe 35B.A3B Q6_K,2048,32000,PP512,953.621,39.00117330286357,908.591,975.574,976.698
moe,Qwen3.6 35B A3B,Qwen3.6-35B-A3B-UD-Q6_K,qwen35moe 35B.A3B Q6_K,2048,32000,PP1024,1008.7673333333333,22.71495017237179,982.732,1024.54,1019.03
moe,Qwen3.6 35B A3B,Qwen3.6-35B-A3B-UD-Q6_K,qwen35moe 35B.A3B Q6_K,2048,32000,PP2048,1068.1033333333332,8.905954936632806,1057.83,1073.64,1072.84
moe,Qwen3.6 35B A3B,Qwen3.6-35B-A3B-UD-Q6_K,qwen35moe 35B.A3B Q6_K,2048,32000,PP4096,1049.05,2.793438741050272,1051.64,1046.09,1049.42
moe,Qwen3.6 35B A3B,Qwen3.6-35B-A3B-UD-Q6_K,qwen35moe 35B.A3B Q6_K,2048,32000,TG128,47.81486666666667,0.0028023799409286013,47.8126,47.814,47.818
moe,Qwen3.6 35B A3B,Qwen3.6-35B-A3B-UD-Q6_K,qwen35moe 35B.A3B Q6_K,2048,64000,PP512,655.357,20.980675894737004,631.142,668.108,666.821
moe,Qwen3.6 35B A3B,Qwen3.6-35B-A3B-UD-Q6_K,qwen35moe 35B.A3B Q6_K,2048,64000,PP1024,680.9603333333333,9.970254777754336,669.5,687.64,685.741
moe,Qwen3.6 35B A3B,Qwen3.6-35B-A3B-UD-Q6_K,qwen35moe 35B.A3B Q6_K,2048,64000,PP2048,712.64,3.9439315409879874,708.096,715.174,714.65
moe,Qwen3.6 35B A3B,Qwen3.6-35B-A3B-UD-Q6_K,qwen35moe 35B.A3B Q6_K,2048,64000,PP4096,704.2933333333333,0.823756234169675,705.176,703.545,704.159
moe,Qwen3.6 35B A3B,Qwen3.6-35B-A3B-UD-Q6_K,qwen35moe 35B.A3B Q6_K,2048,64000,TG128,42.113733333333336,0.0028290163190314473,42.1145,42.1161,42.1106
moe,Qwen3.6 35B A3B,Qwen3.6-35B-A3B-UD-Q6_K,qwen35moe 35B.A3B Q6_K,2048,128000,PP512,404.337,7.363864949875156,395.838,408.814,408.359
moe,Qwen3.6 35B A3B,Qwen3.6-35B-A3B-UD-Q6_K,qwen35moe 35B.A3B Q6_K,2048,128000,PP1024,411.61,3.700439433364654,407.616,412.292,414.922
moe,Qwen3.6 35B A3B,Qwen3.6-35B-A3B-UD-Q6_K,qwen35moe 35B.A3B Q6_K,2048,128000,PP2048,423.25,2.781041711301723,420.082,425.289,424.379
moe,Qwen3.6 35B A3B,Qwen3.6-35B-A3B-UD-Q6_K,qwen35moe 35B.A3B Q6_K,2048,128000,PP4096,420.757,0.14533065746772186,420.922,420.648,420.701
moe,Qwen3.6 35B A3B,Qwen3.6-35B-A3B-UD-Q6_K,qwen35moe 35B.A3B Q6_K,2048,128000,TG128,33.943866666666665,0.01211376627367969,33.9563,33.9432,33.9321
moe,Qwen3.6 35B A3B,Qwen3.6-35B-A3B-UD-Q6_K_XL,qwen35moe 35B.A3B Q6_K,2048,0,PP512,1875.4633333333334,13.227763731384636,1862.85,1874.31,1889.23
moe,Qwen3.6 35B A3B,Qwen3.6-35B-A3B-UD-Q6_K_XL,qwen35moe 35B.A3B Q6_K,2048,0,PP1024,2069.3033333333333,1.1850879010999402,2069.43,2070.42,2068.06
moe,Qwen3.6 35B A3B,Qwen3.6-35B-A3B-UD-Q6_K_XL,qwen35moe 35B.A3B Q6_K,2048,0,PP2048,2257.08,1.7806459502100975,2255.61,2259.06,2256.57
moe,Qwen3.6 35B A3B,Qwen3.6-35B-A3B-UD-Q6_K_XL,qwen35moe 35B.A3B Q6_K,2048,0,PP4096,2197.69,2.5500784301664017,2199.94,2198.21,2194.92
moe,Qwen3.6 35B A3B,Qwen3.6-35B-A3B-UD-Q6_K_XL,qwen35moe 35B.A3B Q6_K,2048,0,TG128,55.58016666666667,0.023264636969728414,55.5536,55.59,55.5969
moe,Qwen3.6 35B A3B,Qwen3.6-35B-A3B-UD-Q6_K_XL,qwen35moe 35B.A3B Q6_K,2048,12000,PP512,1420.17,91.63664605385783,1314.37,1471.64,1474.5
moe,Qwen3.6 35B A3B,Qwen3.6-35B-A3B-UD-Q6_K_XL,qwen35moe 35B.A3B Q6_K,2048,12000,PP1024,1554.5033333333333,70.09575902530293,1473.61,1592.58,1597.32
moe,Qwen3.6 35B A3B,Qwen3.6-35B-A3B-UD-Q6_K_XL,qwen35moe 35B.A3B Q6_K,2048,12000,PP2048,1689.2866666666666,31.098106587593563,1653.39,1708.05,1706.42
moe,Qwen3.6 35B A3B,Qwen3.6-35B-A3B-UD-Q6_K_XL,qwen35moe 35B.A3B Q6_K,2048,12000,PP4096,1648.8133333333333,1.2949646069809186,1647.42,1649.04,1649.98
moe,Qwen3.6 35B A3B,Qwen3.6-35B-A3B-UD-Q6_K_XL,qwen35moe 35B.A3B Q6_K,2048,12000,TG128,52.110733333333336,0.0004932882862316754,52.1104,52.1105,52.1113
moe,Qwen3.6 35B A3B,Qwen3.6-35B-A3B-UD-Q6_K_XL,qwen35moe 35B.A3B Q6_K,2048,32000,PP512,959.9226666666666,42.19922997322742,911.209,983.275,985.284
moe,Qwen3.6 35B A3B,Qwen3.6-35B-A3B-UD-Q6_K_XL,qwen35moe 35B.A3B Q6_K,2048,32000,PP1024,1039.1733333333334,23.46052500122993,1012.21,1054.92,1050.39
moe,Qwen3.6 35B A3B,Qwen3.6-35B-A3B-UD-Q6_K_XL,qwen35moe 35B.A3B Q6_K,2048,32000,PP2048,1104.7266666666667,12.236250787448428,1090.66,1112.91,1110.61
moe,Qwen3.6 35B A3B,Qwen3.6-35B-A3B-UD-Q6_K_XL,qwen35moe 35B.A3B Q6_K,2048,32000,PP4096,1073.8533333333332,3.3206224316133532,1076.94,1074.28,1070.34
moe,Qwen3.6 35B A3B,Qwen3.6-35B-A3B-UD-Q6_K_XL,qwen35moe 35B.A3B Q6_K,2048,32000,TG128,47.968333333333334,0.027458392766754044,47.9704,47.9399,47.9947
moe,Qwen3.6 35B A3B,Qwen3.6-35B-A3B-UD-Q6_K_XL,qwen35moe 35B.A3B Q6_K,2048,64000,PP512,658.0756666666666,20.11576198739025,634.848,669.712,669.667
moe,Qwen3.6 35B A3B,Qwen3.6-35B-A3B-UD-Q6_K_XL,qwen35moe 35B.A3B Q6_K,2048,64000,PP1024,692.237,10.206684623324064,680.538,699.322,696.851
moe,Qwen3.6 35B A3B,Qwen3.6-35B-A3B-UD-Q6_K_XL,qwen35moe 35B.A3B Q6_K,2048,64000,PP2048,722.298,3.0900351130691126,718.731,724.006,724.157
moe,Qwen3.6 35B A3B,Qwen3.6-35B-A3B-UD-Q6_K_XL,qwen35moe 35B.A3B Q6_K,2048,64000,PP4096,714.1426666666666,1.024546891720117,715.307,713.379,713.742
moe,Qwen3.6 35B A3B,Qwen3.6-35B-A3B-UD-Q6_K_XL,qwen35moe 35B.A3B Q6_K,2048,64000,TG128,42.1567,0.0019467922333946635,42.156,42.1589,42.1552
moe,Qwen3.6 35B A3B,Qwen3.6-35B-A3B-UD-Q6_K_XL,qwen35moe 35B.A3B Q6_K,2048,128000,PP512,405.48333333333335,8.294891279174983,395.906,410.378,410.166
moe,Qwen3.6 35B A3B,Qwen3.6-35B-A3B-UD-Q6_K_XL,qwen35moe 35B.A3B Q6_K,2048,128000,PP1024,415.6213333333333,4.062346161189765,410.934,417.809,418.121
moe,Qwen3.6 35B A3B,Qwen3.6-35B-A3B-UD-Q6_K_XL,qwen35moe 35B.A3B Q6_K,2048,128000,PP2048,426.17,2.5353723592403545,423.271,427.266,427.973
moe,Qwen3.6 35B A3B,Qwen3.6-35B-A3B-UD-Q6_K_XL,qwen35moe 35B.A3B Q6_K,2048,128000,PP4096,423.996,0.437877836844956,424.499,423.789,423.7
moe,Qwen3.6 35B A3B,Qwen3.6-35B-A3B-UD-Q6_K_XL,qwen35moe 35B.A3B Q6_K,2048,128000,TG128,33.991,0.0071042240955662,33.9973,33.9924,33.9833
moe,Qwen3.6 35B A3B,Qwen3.6-35B-A3B-UD-Q8_K_XL,qwen35moe 35B.A3B Q8_0,2048,0,PP512,1728.0233333333333,13.183813307739701,1729.93,1713.99,1740.15
moe,Qwen3.6 35B A3B,Qwen3.6-35B-A3B-UD-Q8_K_XL,qwen35moe 35B.A3B Q8_0,2048,0,PP1024,2064.0666666666666,12.668489781080156,2049.61,2073.23,2069.36
moe,Qwen3.6 35B A3B,Qwen3.6-35B-A3B-UD-Q8_K_XL,qwen35moe 35B.A3B Q8_0,2048,0,PP2048,2248.8266666666664,0.3667878587593605,2249.24,2248.7,2248.54
moe,Qwen3.6 35B A3B,Qwen3.6-35B-A3B-UD-Q8_K_XL,qwen35moe 35B.A3B Q8_0,2048,0,PP4096,2186.6266666666666,2.789091847417819,2186.95,2189.24,2183.69
moe,Qwen3.6 35B A3B,Qwen3.6-35B-A3B-UD-Q8_K_XL,qwen35moe 35B.A3B Q8_0,2048,0,TG128,52.9327,0.027480356620686586,52.9034,52.9368,52.9579
moe,Qwen3.6 35B A3B,Qwen3.6-35B-A3B-UD-Q8_K_XL,qwen35moe 35B.A3B Q8_0,2048,12000,PP512,1378.1666666666667,0.4521430452116564,1378.36,1378.49,1377.65
moe,Qwen3.6 35B A3B,Qwen3.6-35B-A3B-UD-Q8_K_XL,qwen35moe 35B.A3B Q8_0,2048,12000,PP1024,1595.6266666666668,3.3608679434535267,1591.75,1597.72,1597.41
moe,Qwen3.6 35B A3B,Qwen3.6-35B-A3B-UD-Q8_K_XL,qwen35moe 35B.A3B Q8_0,2048,12000,PP2048,1709.3466666666666,1.7444865529241524,1708.66,1711.33,1708.05
moe,Qwen3.6 35B A3B,Qwen3.6-35B-A3B-UD-Q8_K_XL,qwen35moe 35B.A3B Q8_0,2048,12000,PP4096,1655.85,1.355322839769092,1654.38,1656.12,1657.05
moe,Qwen3.6 35B A3B,Qwen3.6-35B-A3B-UD-Q8_K_XL,qwen35moe 35B.A3B Q8_0,2048,12000,TG128,49.785133333333334,0.004670474636836499,49.7842,49.7902,49.781
moe,Qwen3.6 35B A3B,Qwen3.6-35B-A3B-UD-Q8_K_XL,qwen35moe 35B.A3B Q8_0,2048,32000,PP512,940.969,2.4944135583339246,940.076,943.787,939.044
moe,Qwen3.6 35B A3B,Qwen3.6-35B-A3B-UD-Q8_K_XL,qwen35moe 35B.A3B Q8_0,2048,32000,PP1024,1051.6666666666667,0.5089531740085167,1052.23,1051.53,1051.24
moe,Qwen3.6 35B A3B,Qwen3.6-35B-A3B-UD-Q8_K_XL,qwen35moe 35B.A3B Q8_0,2048,32000,PP2048,1110.78,4.073389252207544,1106.18,1112.23,1113.93
moe,Qwen3.6 35B A3B,Qwen3.6-35B-A3B-UD-Q8_K_XL,qwen35moe 35B.A3B Q8_0,2048,32000,PP4096,1094.1033333333335,2.1771847265064883,1095.73,1094.95,1091.63
moe,Qwen3.6 35B A3B,Qwen3.6-35B-A3B-UD-Q8_K_XL,qwen35moe 35B.A3B Q8_0,2048,32000,TG128,46.0347,0.0023643180835068263,46.035,46.0369,46.0322
moe,Qwen3.6 35B A3B,Qwen3.6-35B-A3B-UD-Q8_K_XL,qwen35moe 35B.A3B Q8_0,2048,64000,PP512,650.1083333333333,0.5501639149683463,650.598,650.214,649.513
moe,Qwen3.6 35B A3B,Qwen3.6-35B-A3B-UD-Q8_K_XL,qwen35moe 35B.A3B Q8_0,2048,64000,PP1024,699.1253333333333,0.45764870078843556,699.62,698.717,699.039
moe,Qwen3.6 35B A3B,Qwen3.6-35B-A3B-UD-Q8_K_XL,qwen35moe 35B.A3B Q8_0,2048,64000,PP2048,728.2393333333333,1.1702616516545998,729.241,726.953,728.524
moe,Qwen3.6 35B A3B,Qwen3.6-35B-A3B-UD-Q8_K_XL,qwen35moe 35B.A3B Q8_0,2048,64000,PP4096,716.9893333333333,0.1977734394031208,717.1,716.761,717.107
moe,Qwen3.6 35B A3B,Qwen3.6-35B-A3B-UD-Q8_K_XL,qwen35moe 35B.A3B Q8_0,2048,64000,TG128,40.62416666666667,0.0020840665376463505,40.626,40.6246,40.6219
moe,Qwen3.6 35B A3B,Qwen3.6-35B-A3B-UD-Q8_K_XL,qwen35moe 35B.A3B Q8_0,2048,128000,PP512,402.01366666666667,0.5439286105118284,401.422,402.492,402.127
moe,Qwen3.6 35B A3B,Qwen3.6-35B-A3B-UD-Q8_K_XL,qwen35moe 35B.A3B Q8_0,2048,128000,PP1024,417.5373333333333,0.1566918419488801,417.429,417.466,417.717
moe,Qwen3.6 35B A3B,Qwen3.6-35B-A3B-UD-Q8_K_XL,qwen35moe 35B.A3B Q8_0,2048,128000,PP2048,426.8483333333333,0.9437713352996715,427.344,425.76,427.441
moe,Qwen3.6 35B A3B,Qwen3.6-35B-A3B-UD-Q8_K_XL,qwen35moe 35B.A3B Q8_0,2048,128000,PP4096,424.895,0.0975499871860642,424.981,424.915,424.789
moe,Qwen3.6 35B A3B,Qwen3.6-35B-A3B-UD-Q8_K_XL,qwen35moe 35B.A3B Q8_0,2048,128000,TG128,32.982866666666666,0.0031785741037956916,32.9793,32.9839,32.9854
dense,Qwen3.8 27B,Qwen3.8-27B-UD-Q8_K_XL,qwen35 27B Q4_K - Medium,512,0,PP512,505.5623333333333,0.5722502366389571,505.762,506.008,504.917
dense,Qwen3.8 27B,Qwen3.8-27B-UD-Q8_K_XL,qwen35 27B Q4_K - Medium,512,0,PP1024,493.006,6.103171061014107,500.053,489.542,489.423
dense,Qwen3.8 27B,Qwen3.8-27B-UD-Q8_K_XL,qwen35 27B Q4_K - Medium,512,0,PP2048,484.69166666666666,0.5231083380460654,484.892,485.085,484.098
dense,Qwen3.8 27B,Qwen3.8-27B-UD-Q8_K_XL,qwen35 27B Q4_K - Medium,512,0,PP4096,460.767,4.814336818295953,466.284,458.6,457.417
dense,Qwen3.8 27B,Qwen3.8-27B-UD-Q8_K_XL,qwen35 27B Q4_K - Medium,512,0,TG128,6.94283,0.00033867388443728865,6.94272,6.94256,6.94321
dense,Qwen3.8 27B,Qwen3.8-27B-UD-Q8_K_XL,qwen35 27B Q4_K - Medium,512,12000,PP512,365.86366666666663,5.257336334431459,359.815,369.335,368.441
dense,Qwen3.8 27B,Qwen3.8-27B-UD-Q8_K_XL,qwen35 27B Q4_K - Medium,512,12000,PP1024,366.98466666666667,0.25613342876971673,367.069,367.188,366.697
dense,Qwen3.8 27B,Qwen3.8-27B-UD-Q8_K_XL,qwen35 27B Q4_K - Medium,512,12000,PP2048,361.5443333333333,2.771004210269872,363.446,362.822,358.365
dense,Qwen3.8 27B,Qwen3.8-27B-UD-Q8_K_XL,qwen35 27B Q4_K - Medium,512,12000,PP4096,348.324,0.2597171538424053,348.051,348.353,348.568
dense,Qwen3.8 27B,Qwen3.8-27B-UD-Q8_K_XL,qwen35 27B Q4_K - Medium,512,12000,TG128,6.7724633333333335,0.000309892454463468,6.77226,6.77231,6.77282
dense,Qwen3.8 27B,Qwen3.8-27B-UD-Q8_K_XL,qwen35 27B Q4_K - Medium,512,32000,PP512,258.36966666666666,2.2433538136757134,255.801,259.944,259.364
dense,Qwen3.8 27B,Qwen3.8-27B-UD-Q8_K_XL,qwen35 27B Q4_K - Medium,512,32000,PP1024,257.61133333333333,0.13479737880736217,257.757,257.586,257.491
dense,Qwen3.8 27B,Qwen3.8-27B-UD-Q8_K_XL,qwen35 27B Q4_K - Medium,512,32000,PP2048,255.928,0.11605171261122707,255.804,255.946,256.034
dense,Qwen3.8 27B,Qwen3.8-27B-UD-Q8_K_XL,qwen35 27B Q4_K - Medium,512,32000,PP4096,252.17633333333333,0.12427925544246633,252.315,252.139,252.075
dense,Qwen3.8 27B,Qwen3.8-27B-UD-Q8_K_XL,qwen35 27B Q4_K - Medium,512,32000,TG128,6.543793333333333,5.1316014394372326e-05,6.54385,6.54375,6.54378
dense,Qwen3.8 27B,Qwen3.8-27B-UD-Q8_K_XL,qwen35 27B Q4_K - Medium,512,64000,PP512,179.65233333333333,1.5381759760616964,177.881,180.651,180.425
dense,Qwen3.8 27B,Qwen3.8-27B-UD-Q8_K_XL,qwen35 27B Q4_K - Medium,512,64000,PP1024,179.04833333333335,0.7513496744747724,179.883,178.836,178.426
dense,Qwen3.8 27B,Qwen3.8-27B-UD-Q8_K_XL,qwen35 27B Q4_K - Medium,512,64000,PP2048,177.293,0.0359304884464322,177.252,177.319,177.308
dense,Qwen3.8 27B,Qwen3.8-27B-UD-Q8_K_XL,qwen35 27B Q4_K - Medium,512,64000,PP4096,175.35333333333332,0.036828431046321754,175.387,175.359,175.314
dense,Qwen3.8 27B,Qwen3.8-27B-UD-Q8_K_XL,qwen35 27B Q4_K - Medium,512,64000,TG128,6.1921,5.999999999994898e-05,6.19216,6.1921,6.19204
dense,Qwen3.8 27B,Qwen3.8-27B-UD-Q8_K_XL,qwen35 27B Q4_K - Medium,512,128000,PP512,107.65733333333333,0.4825829807746356,107.101,107.963,107.908
dense,Qwen3.8 27B,Qwen3.8-27B-UD-Q8_K_XL,qwen35 27B Q4_K - Medium,512,128000,PP1024,109.132,0.008000000000002672,109.14,109.132,109.124
dense,Qwen3.8 27B,Qwen3.8-27B-UD-Q8_K_XL,qwen35 27B Q4_K - Medium,512,128000,PP2048,109.16433333333333,0.03775358702604622,109.197,109.173,109.123
dense,Qwen3.8 27B,Qwen3.8-27B-UD-Q8_K_XL,qwen35 27B Q4_K - Medium,512,128000,PP4096,108.51766666666667,0.004618802153514446,108.523,108.515,108.515
dense,Qwen3.8 27B,Qwen3.8-27B-UD-Q8_K_XL,qwen35 27B Q4_K - Medium,512,128000,TG128,5.593883333333333,0.00020550750189041354,5.59367,5.5939,5.59408
moe,Qwen3.8 Flash Next,Qwen3.8-Flash-Next-UD-IQ4_XS-00001-of-00003,qwen4exp A3B IQ4_XS - 4.25 bpw,2048,0,PP512,715.1503333333333,3.9945315536785366,715.132,719.154,711.165
moe,Qwen3.8 Flash Next,Qwen3.8-Flash-Next-UD-IQ4_XS-00001-of-00003,qwen4exp A3B IQ4_XS - 4.25 bpw,2048,0,PP1024,786.6183333333333,3.9495326727770355,791.12,783.735,785
moe,Qwen3.8 Flash Next,Qwen3.8-Flash-Next-UD-IQ4_XS-00001-of-00003,qwen4exp A3B IQ4_XS - 4.25 bpw,2048,0,PP2048,844.2976666666667,15.179680376520912,852.97,826.77,853.153
moe,Qwen3.8 Flash Next,Qwen3.8-Flash-Next-UD-IQ4_XS-00001-of-00003,qwen4exp A3B IQ4_XS - 4.25 bpw,2048,0,PP4096,804.1813333333333,11.092570591767,791.401,811.308,809.835
moe,Qwen3.8 Flash Next,Qwen3.8-Flash-Next-UD-IQ4_XS-00001-of-00003,qwen4exp A3B IQ4_XS - 4.25 bpw,2048,0,TG128,26.858733333333333,0.0019553345834758588,26.8582,26.8609,26.8571
moe,Qwen3.8 Flash Next,Qwen3.8-Flash-Next-UD-IQ4_XS-00001-of-00003,qwen4exp A3B IQ4_XS - 4.25 bpw,2048,12000,PP512,503.092,39.328983104067156,462.56,505.62,541.096
moe,Qwen3.8 Flash Next,Qwen3.8-Flash-Next-UD-IQ4_XS-00001-of-00003,qwen4exp A3B IQ4_XS - 4.25 bpw,2048,12000,PP1024,567.0983333333334,17.987320571261687,546.333,577.101,577.861
moe,Qwen3.8 Flash Next,Qwen3.8-Flash-Next-UD-IQ4_XS-00001-of-00003,qwen4exp A3B IQ4_XS - 4.25 bpw,2048,12000,PP2048,594.5433333333333,26.063854402857103,564.481,608.343,610.806
moe,Qwen3.8 Flash Next,Qwen3.8-Flash-Next-UD-IQ4_XS-00001-of-00003,qwen4exp A3B IQ4_XS - 4.25 bpw,2048,12000,PP4096,582.001,2.379144594176635,583.504,579.258,583.241
moe,Qwen3.8 Flash Next,Qwen3.8-Flash-Next-UD-IQ4_XS-00001-of-00003,qwen4exp A3B IQ4_XS - 4.25 bpw,2048,12000,TG128,22.4569,0.07216626635762727,22.3736,22.4966,22.5005
moe,Qwen3.8 Flash Next,Qwen3.8-Flash-Next-UD-IQ4_XS-00001-of-00003,qwen4exp A3B IQ4_XS - 4.25 bpw,2048,32000,PP512,339.194,20.12989935394612,315.95,350.802,350.83
moe,Qwen3.8 Flash Next,Qwen3.8-Flash-Next-UD-IQ4_XS-00001-of-00003,qwen4exp A3B IQ4_XS - 4.25 bpw,2048,32000,PP1024,364.90766666666667,7.0477191582336065,358.095,372.169,364.459
moe,Qwen3.8 Flash Next,Qwen3.8-Flash-Next-UD-IQ4_XS-00001-of-00003,qwen4exp A3B IQ4_XS - 4.25 bpw,2048,32000,PP2048,385.79466666666667,9.654099353815127,374.652,391.653,391.079
moe,Qwen3.8 Flash Next,Qwen3.8-Flash-Next-UD-IQ4_XS-00001-of-00003,qwen4exp A3B IQ4_XS - 4.25 bpw,2048,32000,PP4096,379.175,0.5634287887568425,378.773,379.819,378.933
moe,Qwen3.8 Flash Next,Qwen3.8-Flash-Next-UD-IQ4_XS-00001-of-00003,qwen4exp A3B IQ4_XS - 4.25 bpw,2048,32000,TG128,19.035166666666665,0.06694522636703179,19.0584,18.9597,19.0874
moe,Qwen3.8 Flash Next,Qwen3.8-Flash-Next-UD-IQ4_XS-00001-of-00003,qwen4exp A3B IQ4_XS - 4.25 bpw,2048,64000,PP512,218.053,7.824822106604083,209.018,222.637,222.504
moe,Qwen3.8 Flash Next,Qwen3.8-Flash-Next-UD-IQ4_XS-00001-of-00003,qwen4exp A3B IQ4_XS - 4.25 bpw,2048,64000,PP1024,225.78799999999998,9.622872492140791,214.678,231.503,231.183
moe,Qwen3.8 Flash Next,Qwen3.8-Flash-Next-UD-IQ4_XS-00001-of-00003,qwen4exp A3B IQ4_XS - 4.25 bpw,2048,64000,PP2048,238.167,2.2855159154991687,235.528,239.505,239.468
moe,Qwen3.8 Flash Next,Qwen3.8-Flash-Next-UD-IQ4_XS-00001-of-00003,qwen4exp A3B IQ4_XS - 4.25 bpw,2048,64000,PP4096,234.55266666666668,0.610545930568154,234.174,235.257,234.227
moe,Qwen3.8 Flash Next,Qwen3.8-Flash-Next-UD-IQ4_XS-00001-of-00003,qwen4exp A3B IQ4_XS - 4.25 bpw,2048,64000,TG128,13.5401,0.00910988474131285,13.5298,13.5471,13.5434
moe,Qwen3.8 Flash Next,Qwen3.8-Flash-Next-UD-IQ4_XS-00001-of-00003,qwen4exp A3B IQ4_XS - 4.25 bpw,2048,128000,PP512,128.34433333333334,3.025650067891744,124.851,130.046,130.136
moe,Qwen3.8 Flash Next,Qwen3.8-Flash-Next-UD-IQ4_XS-00001-of-00003,qwen4exp A3B IQ4_XS - 4.25 bpw,2048,128000,PP1024,130.38666666666668,1.1811622806936062,129.229,130.341,131.59
moe,Qwen3.8 Flash Next,Qwen3.8-Flash-Next-UD-IQ4_XS-00001-of-00003,qwen4exp A3B IQ4_XS - 4.25 bpw,2048,128000,PP2048,134.555,0.04309292285282684,134.572,134.587,134.506
moe,Qwen3.8 Flash Next,Qwen3.8-Flash-Next-UD-IQ4_XS-00001-of-00003,qwen4exp A3B IQ4_XS - 4.25 bpw,2048,128000,PP4096,133.2023333333333,0.17830404743956826,133.402,133.059,133.146
moe,Qwen3.8 Flash Next,Qwen3.8-Flash-Next-UD-IQ4_XS-00001-of-00003,qwen4exp A3B IQ4_XS - 4.25 bpw,2048,128000,TG128,9.03045,0.005349355101318251,9.03459,9.02441,9.03235
moe,Gemma 4 26B A4B,gemma-4-26B-A4B-it-UD-Q6_K_XL,gemma4 26B.A4B Q6_K,2048,0,PP512,1701.2266666666667,20.399290020325157,1682.37,1698.43,1722.88
moe,Gemma 4 26B A4B,gemma-4-26B-A4B-it-UD-Q6_K_XL,gemma4 26B.A4B Q6_K,2048,0,PP1024,1959.7233333333334,9.696599060151664,1951.42,1957.37,1970.38
moe,Gemma 4 26B A4B,gemma-4-26B-A4B-it-UD-Q6_K_XL,gemma4 26B.A4B Q6_K,2048,0,PP2048,1892.31,1.0853110153315844,1893.38,1892.34,1891.21
moe,Gemma 4 26B A4B,gemma-4-26B-A4B-it-UD-Q6_K_XL,gemma4 26B.A4B Q6_K,2048,0,PP4096,1742.2133333333334,11.635984416169272,1754.4,1741.02,1731.22
moe,Gemma 4 26B A4B,gemma-4-26B-A4B-it-UD-Q6_K_XL,gemma4 26B.A4B Q6_K,2048,0,TG128,46.073,0.015972789361911564,46.0546,46.0833,46.0811
moe,Gemma 4 26B A4B,gemma-4-26B-A4B-it-UD-Q6_K_XL,gemma4 26B.A4B Q6_K,2048,12000,PP512,1074.23,27.892258782680226,1089.74,1042.03,1090.92
moe,Gemma 4 26B A4B,gemma-4-26B-A4B-it-UD-Q6_K_XL,gemma4 26B.A4B Q6_K,2048,12000,PP1024,1196.2,30.57188904860139,1160.9,1214.12,1213.58
moe,Gemma 4 26B A4B,gemma-4-26B-A4B-it-UD-Q6_K_XL,gemma4 26B.A4B Q6_K,2048,12000,PP2048,1188.89,7.701032398321626,1180.16,1191.79,1194.72
moe,Gemma 4 26B A4B,gemma-4-26B-A4B-it-UD-Q6_K_XL,gemma4 26B.A4B Q6_K,2048,12000,PP4096,1156.0266666666666,1.262312692375912,1155.87,1157.36,1154.85
moe,Gemma 4 26B A4B,gemma-4-26B-A4B-it-UD-Q6_K_XL,gemma4 26B.A4B Q6_K,2048,12000,TG128,40.19193333333333,0.0032883633213693078,40.1944,40.1882,40.1932
moe,Gemma 4 26B A4B,gemma-4-26B-A4B-it-UD-Q6_K_XL,gemma4 26B.A4B Q6_K,2048,32000,PP512,700.175,11.580645621035124,706.199,686.824,707.502
moe,Gemma 4 26B A4B,gemma-4-26B-A4B-it-UD-Q6_K_XL,gemma4 26B.A4B Q6_K,2048,32000,PP1024,758.4763333333333,5.992851769678079,752.266,764.225,758.938
moe,Gemma 4 26B A4B,gemma-4-26B-A4B-it-UD-Q6_K_XL,gemma4 26B.A4B Q6_K,2048,32000,PP2048,754.4846666666667,1.9243433512067247,752.266,755.7,755.488
moe,Gemma 4 26B A4B,gemma-4-26B-A4B-it-UD-Q6_K_XL,gemma4 26B.A4B Q6_K,2048,32000,PP4096,733.6583333333333,6.305462103076442,726.395,737.728,736.852
moe,Gemma 4 26B A4B,gemma-4-26B-A4B-it-UD-Q6_K_XL,gemma4 26B.A4B Q6_K,2048,32000,TG128,37.71726666666667,0.005981081284629254,37.7184,37.7226,37.7108
moe,Gemma 4 26B A4B,gemma-4-26B-A4B-it-UD-Q6_K_XL,gemma4 26B.A4B Q6_K,2048,64000,PP512,448.3616666666667,5.633198410613046,451.04,441.889,452.156
moe,Gemma 4 26B A4B,gemma-4-26B-A4B-it-UD-Q6_K_XL,gemma4 26B.A4B Q6_K,2048,64000,PP1024,484.1596666666667,1.1007589805826439,483.797,485.396,483.286
moe,Gemma 4 26B A4B,gemma-4-26B-A4B-it-UD-Q6_K_XL,gemma4 26B.A4B Q6_K,2048,64000,PP2048,482.15366666666665,1.7041808393868751,480.332,483.709,482.42
moe,Gemma 4 26B A4B,gemma-4-26B-A4B-it-UD-Q6_K_XL,gemma4 26B.A4B Q6_K,2048,64000,PP4096,474.147,0.29602533675348436,474.297,473.806,474.338
moe,Gemma 4 26B A4B,gemma-4-26B-A4B-it-UD-Q6_K_XL,gemma4 26B.A4B Q6_K,2048,64000,TG128,34.1752,0.0008717797887101782,34.1748,34.1762,34.1746
moe,Gemma 4 26B A4B,gemma-4-26B-A4B-it-UD-Q6_K_XL,gemma4 26B.A4B Q6_K,2048,128000,PP512,262.43833333333333,1.4812630871433032,263.279,260.728,263.308
moe,Gemma 4 26B A4B,gemma-4-26B-A4B-it-UD-Q6_K_XL,gemma4 26B.A4B Q6_K,2048,128000,PP1024,277.1553333333333,0.26310707579488646,276.888,277.414,277.164
moe,Gemma 4 26B A4B,gemma-4-26B-A4B-it-UD-Q6_K_XL,gemma4 26B.A4B Q6_K,2048,128000,PP2048,277.9156666666667,0.8289036936419941,277.595,277.295,278.857
moe,Gemma 4 26B A4B,gemma-4-26B-A4B-it-UD-Q6_K_XL,gemma4 26B.A4B Q6_K,2048,128000,PP4096,275.43766666666664,1.3840752628861563,276.201,273.84,276.272
moe,Gemma 4 26B A4B,gemma-4-26B-A4B-it-UD-Q6_K_XL,gemma4 26B.A4B Q6_K,2048,128000,TG128,28.741133333333334,0.015348398396358091,28.753,28.7238,28.7466
moe,Gemma 4 26B A4B,gemma-4-26B-A4B-it-UD-Q8_K_XL,gemma4 26B.A4B Q8_0,2048,0,PP512,1873.02,6.198814402770952,1870.18,1868.75,1880.13
moe,Gemma 4 26B A4B,gemma-4-26B-A4B-it-UD-Q8_K_XL,gemma4 26B.A4B Q8_0,2048,0,PP1024,2137.01,2.2867662757702507,2134.44,2138.82,2137.77
moe,Gemma 4 26B A4B,gemma-4-26B-A4B-it-UD-Q8_K_XL,gemma4 26B.A4B Q8_0,2048,0,PP2048,2093.003333333333,3.2578264737908538,2096.18,2093.16,2089.67
moe,Gemma 4 26B A4B,gemma-4-26B-A4B-it-UD-Q8_K_XL,gemma4 26B.A4B Q8_0,2048,0,PP4096,1916.35,4.468019695569857,1919.67,1911.27,1918.11
moe,Gemma 4 26B A4B,gemma-4-26B-A4B-it-UD-Q8_K_XL,gemma4 26B.A4B Q8_0,2048,0,TG128,43.123333333333335,0.005513921774320474,43.1283,43.1243,43.1174
moe,Gemma 4 26B A4B,gemma-4-26B-A4B-it-UD-Q8_K_XL,gemma4 26B.A4B Q8_0,2048,12000,PP512,1158.4866666666667,1.5462643154820779,1157.78,1160.26,1157.42
moe,Gemma 4 26B A4B,gemma-4-26B-A4B-it-UD-Q8_K_XL,gemma4 26B.A4B Q8_0,2048,12000,PP1024,1283.34,1.2258874336577135,1284.36,1281.98,1283.68
moe,Gemma 4 26B A4B,gemma-4-26B-A4B-it-UD-Q8_K_XL,gemma4 26B.A4B Q8_0,2048,12000,PP2048,1276.2166666666667,0.7550055187436224,1275.46,1276.97,1276.22
moe,Gemma 4 26B A4B,gemma-4-26B-A4B-it-UD-Q8_K_XL,gemma4 26B.A4B Q8_0,2048,12000,PP4096,1230.4666666666667,1.5305010072957481,1228.7,1231.31,1231.39
moe,Gemma 4 26B A4B,gemma-4-26B-A4B-it-UD-Q8_K_XL,gemma4 26B.A4B Q8_0,2048,12000,TG128,37.8895,0.01264080693626865,37.8982,37.875,37.8953
moe,Gemma 4 26B A4B,gemma-4-26B-A4B-it-UD-Q8_K_XL,gemma4 26B.A4B Q8_0,2048,32000,PP512,735.8483333333334,1.0142861200535935,734.689,736.284,736.572
moe,Gemma 4 26B A4B,gemma-4-26B-A4B-it-UD-Q8_K_XL,gemma4 26B.A4B Q8_0,2048,32000,PP1024,802.6393333333333,1.9982715864800367,804.046,803.52,800.352
moe,Gemma 4 26B A4B,gemma-4-26B-A4B-it-UD-Q8_K_XL,gemma4 26B.A4B Q8_0,2048,32000,PP2048,796.073,0.3144344128749093,796.261,796.248,795.71
moe,Gemma 4 26B A4B,gemma-4-26B-A4B-it-UD-Q8_K_XL,gemma4 26B.A4B Q8_0,2048,32000,PP4096,769.6323333333333,3.835448517883316,773.697,769.123,766.077
moe,Gemma 4 26B A4B,gemma-4-26B-A4B-it-UD-Q8_K_XL,gemma4 26B.A4B Q8_0,2048,32000,TG128,35.78876666666667,0.005179124765182207,35.7914,35.7921,35.7828
moe,Gemma 4 26B A4B,gemma-4-26B-A4B-it-UD-Q8_K_XL,gemma4 26B.A4B Q8_0,2048,64000,PP512,464.28566666666666,0.1529586000633265,464.122,464.425,464.31
moe,Gemma 4 26B A4B,gemma-4-26B-A4B-it-UD-Q8_K_XL,gemma4 26B.A4B Q8_0,2048,64000,PP1024,499.11,1.3155610970228728,500.394,497.765,499.171
moe,Gemma 4 26B A4B,gemma-4-26B-A4B-it-UD-Q8_K_XL,gemma4 26B.A4B Q8_0,2048,64000,PP2048,494.7563333333333,2.0405406963188133,496.44,495.342,492.487
moe,Gemma 4 26B A4B,gemma-4-26B-A4B-it-UD-Q8_K_XL,gemma4 26B.A4B Q8_0,2048,64000,PP4096,486.504,0.5034640006991645,487.074,486.318,486.12
moe,Gemma 4 26B A4B,gemma-4-26B-A4B-it-UD-Q8_K_XL,gemma4 26B.A4B Q8_0,2048,64000,TG128,32.54063333333333,0.004064890322421534,32.5436,32.536,32.5423
moe,Gemma 4 26B A4B,gemma-4-26B-A4B-it-UD-Q8_K_XL,gemma4 26B.A4B Q8_0,2048,128000,PP512,266.46433333333334,0.6527482924782863,266.892,266.788,265.713
moe,Gemma 4 26B A4B,gemma-4-26B-A4B-it-UD-Q8_K_XL,gemma4 26B.A4B Q8_0,2048,128000,PP1024,281.326,0.3977348362917228,280.894,281.677,281.407
moe,Gemma 4 26B A4B,gemma-4-26B-A4B-it-UD-Q8_K_XL,gemma4 26B.A4B Q8_0,2048,128000,PP2048,282.038,0.344570747452533,281.901,281.783,282.43
moe,Gemma 4 26B A4B,gemma-4-26B-A4B-it-UD-Q8_K_XL,gemma4 26B.A4B Q8_0,2048,128000,PP4096,279.4963333333333,0.09205614229008557,279.399,279.582,279.508
moe,Gemma 4 26B A4B,gemma-4-26B-A4B-it-UD-Q8_K_XL,gemma4 26B.A4B Q8_0,2048,128000,TG128,27.564666666666668,0.009202898094261608,27.574,27.5556,27.5644
dense,Gemma 4 E2B,gemma-4-E2B-it-UD-Q2_K_XL,gemma4 E2B Q2_K - Medium,512,0,PP512,3459.77,3.05000000000007,3462.57,3456.52,3460.22
dense,Gemma 4 E2B,gemma-4-E2B-it-UD-Q2_K_XL,gemma4 E2B Q2_K - Medium,512,0,PP1024,3352.77,1.7092981015609479,3353.65,3353.86,3350.8
dense,Gemma 4 E2B,gemma-4-E2B-it-UD-Q2_K_XL,gemma4 E2B Q2_K - Medium,512,0,PP2048,3247.7933333333335,1.9300086355592305,3250,3246.96,3246.42
dense,Gemma 4 E2B,gemma-4-E2B-it-UD-Q2_K_XL,gemma4 E2B Q2_K - Medium,512,0,PP4096,3081.2433333333333,1.7880249811826034,3079.79,3083.24,3080.7
dense,Gemma 4 E2B,gemma-4-E2B-it-UD-Q2_K_XL,gemma4 E2B Q2_K - Medium,512,0,TG128,116.77066666666667,0.02307234997422707,116.797,116.754,116.761
dense,Gemma 4 E2B,gemma-4-E2B-it-UD-Q2_K_XL,gemma4 E2B Q2_K - Medium,512,12000,PP512,1997.0700000000002,69.2219741122717,1920.75,2014.66,2055.8
dense,Gemma 4 E2B,gemma-4-E2B-it-UD-Q2_K_XL,gemma4 E2B Q2_K - Medium,512,12000,PP1024,2008.4533333333334,0.5499393905998726,2008.81,2007.82,2008.73
dense,Gemma 4 E2B,gemma-4-E2B-it-UD-Q2_K_XL,gemma4 E2B Q2_K - Medium,512,12000,PP2048,1994.4566666666667,4.463914575048848,1991.05,1999.51,1992.81
dense,Gemma 4 E2B,gemma-4-E2B-it-UD-Q2_K_XL,gemma4 E2B Q2_K - Medium,512,12000,PP4096,1918.68,0.8478797084492183,1919.28,1919.05,1917.71
dense,Gemma 4 E2B,gemma-4-E2B-it-UD-Q2_K_XL,gemma4 E2B Q2_K - Medium,512,12000,TG128,100.89,0.05204805471869439,100.902,100.833,100.935
dense,Gemma 4 E2B,gemma-4-E2B-it-UD-Q2_K_XL,gemma4 E2B Q2_K - Medium,512,32000,PP512,1170.9766666666667,23.881236009330287,1147.62,1169.96,1195.35
dense,Gemma 4 E2B,gemma-4-E2B-it-UD-Q2_K_XL,gemma4 E2B Q2_K - Medium,512,32000,PP1024,1188.9733333333334,0.22143471573657408,1189.07,1189.13,1188.72
dense,Gemma 4 E2B,gemma-4-E2B-it-UD-Q2_K_XL,gemma4 E2B Q2_K - Medium,512,32000,PP2048,1176.57,0.9734988443753061,1175.49,1177.38,1176.84
dense,Gemma 4 E2B,gemma-4-E2B-it-UD-Q2_K_XL,gemma4 E2B Q2_K - Medium,512,32000,PP4096,1155.3933333333332,0.18610033136272233,1155.59,1155.22,1155.37
dense,Gemma 4 E2B,gemma-4-E2B-it-UD-Q2_K_XL,gemma4 E2B Q2_K - Medium,512,32000,TG128,90.1507,0.09084866537269985,90.0461,90.1961,90.2099
dense,Gemma 4 E2B,gemma-4-E2B-it-UD-Q2_K_XL,gemma4 E2B Q2_K - Medium,512,64000,PP512,717.0233333333333,11.756046288329,703.52,722.571,724.979
dense,Gemma 4 E2B,gemma-4-E2B-it-UD-Q2_K_XL,gemma4 E2B Q2_K - Medium,512,64000,PP1024,721.247,1.3259053510714944,719.722,722.127,721.892
dense,Gemma 4 E2B,gemma-4-E2B-it-UD-Q2_K_XL,gemma4 E2B Q2_K - Medium,512,64000,PP2048,713.6636666666667,1.2311004562314711,715.072,712.792,713.127
dense,Gemma 4 E2B,gemma-4-E2B-it-UD-Q2_K_XL,gemma4 E2B Q2_K - Medium,512,64000,PP4096,705.3706666666667,0.47579862687203506,705.034,705.163,705.915
dense,Gemma 4 E2B,gemma-4-E2B-it-UD-Q2_K_XL,gemma4 E2B Q2_K - Medium,512,64000,TG128,76.52583333333334,0.01913748503156271,76.51,76.5204,76.5471
dense,Gemma 4 E2B,gemma-4-E2B-it-UD-Q2_K_XL,gemma4 E2B Q2_K - Medium,512,128000,PP512,404.0566666666667,3.760022517663065,399.926,407.28,404.964
dense,Gemma 4 E2B,gemma-4-E2B-it-UD-Q2_K_XL,gemma4 E2B Q2_K - Medium,512,128000,PP1024,402.62733333333335,0.5852327172444619,401.952,402.944,402.986
dense,Gemma 4 E2B,gemma-4-E2B-it-UD-Q2_K_XL,gemma4 E2B Q2_K - Medium,512,128000,PP2048,402.456,0.695789479656007,402.639,403.042,401.687
dense,Gemma 4 E2B,gemma-4-E2B-it-UD-Q2_K_XL,gemma4 E2B Q2_K - Medium,512,128000,PP4096,399.81033333333335,0.36477710088948295,399.754,399.477,400.2
dense,Gemma 4 E2B,gemma-4-E2B-it-UD-Q2_K_XL,gemma4 E2B Q2_K - Medium,512,128000,TG128,58.7089,0.009180413934020136,58.7191,58.7063,58.7013
dense,Gemma 4 E2B,gemma-4-E2B-it-UD-Q3_K_XL,gemma4 E2B Q3_K - Medium,512,0,PP512,3908.9133333333334,0.3629508690350275,3908.5,3909.06,3909.18
dense,Gemma 4 E2B,gemma-4-E2B-it-UD-Q3_K_XL,gemma4 E2B Q3_K - Medium,512,0,PP1024,3757.9133333333334,9.385309442598686,3768.75,3752.4,3752.59
dense,Gemma 4 E2B,gemma-4-E2B-it-UD-Q3_K_XL,gemma4 E2B Q3_K - Medium,512,0,PP2048,3623.9266666666667,6.087120282476198,3627.59,3616.9,3627.29
dense,Gemma 4 E2B,gemma-4-E2B-it-UD-Q3_K_XL,gemma4 E2B Q3_K - Medium,512,0,PP4096,3421.4133333333334,4.129241253951304,3418.75,3426.17,3419.32
dense,Gemma 4 E2B,gemma-4-E2B-it-UD-Q3_K_XL,gemma4 E2B Q3_K - Medium,512,0,TG128,103.28066666666668,0.010263202878891542,103.292,103.278,103.272
dense,Gemma 4 E2B,gemma-4-E2B-it-UD-Q3_K_XL,gemma4 E2B Q3_K - Medium,512,12000,PP512,2135.193333333333,71.27826340009487,2053.01,2180.16,2172.41
dense,Gemma 4 E2B,gemma-4-E2B-it-UD-Q3_K_XL,gemma4 E2B Q3_K - Medium,512,12000,PP1024,2178.9466666666667,1.471099362155216,2178.66,2177.64,2180.54
dense,Gemma 4 E2B,gemma-4-E2B-it-UD-Q3_K_XL,gemma4 E2B Q3_K - Medium,512,12000,PP2048,2105.423333333333,1.088684221128293,2104.22,2106.34,2105.71
dense,Gemma 4 E2B,gemma-4-E2B-it-UD-Q3_K_XL,gemma4 E2B Q3_K - Medium,512,12000,PP4096,2069.13,0.8271033792701968,2069.69,2069.52,2068.18
dense,Gemma 4 E2B,gemma-4-E2B-it-UD-Q3_K_XL,gemma4 E2B Q3_K - Medium,512,12000,TG128,90.70643333333334,0.01788640079315023,90.7208,90.6864,90.7121
dense,Gemma 4 E2B,gemma-4-E2B-it-UD-Q3_K_XL,gemma4 E2B Q3_K - Medium,512,32000,PP512,1227.1733333333334,23.287795802379723,1200.29,1241.15,1240.08
dense,Gemma 4 E2B,gemma-4-E2B-it-UD-Q3_K_XL,gemma4 E2B Q3_K - Medium,512,32000,PP1024,1237.05,1.9312172327317394,1239.21,1235.49,1236.45
dense,Gemma 4 E2B,gemma-4-E2B-it-UD-Q3_K_XL,gemma4 E2B Q3_K - Medium,512,32000,PP2048,1222.1333333333332,1.2802473719298477,1222.32,1220.77,1223.31
dense,Gemma 4 E2B,gemma-4-E2B-it-UD-Q3_K_XL,gemma4 E2B Q3_K - Medium,512,32000,PP4096,1198.0500000000002,0.6298412498399888,1197.38,1198.14,1198.63
dense,Gemma 4 E2B,gemma-4-E2B-it-UD-Q3_K_XL,gemma4 E2B Q3_K - Medium,512,32000,TG128,81.98133333333334,0.06363437226321425,82.022,81.908,82.014
dense,Gemma 4 E2B,gemma-4-E2B-it-UD-Q3_K_XL,gemma4 E2B Q3_K - Medium,512,64000,PP512,737.2343333333333,9.846418452073479,725.87,743.218,742.615
dense,Gemma 4 E2B,gemma-4-E2B-it-UD-Q3_K_XL,gemma4 E2B Q3_K - Medium,512,64000,PP1024,736.468,0.48523808589188117,737.028,736.172,736.204
dense,Gemma 4 E2B,gemma-4-E2B-it-UD-Q3_K_XL,gemma4 E2B Q3_K - Medium,512,64000,PP2048,731.6486666666667,1.332380326083131,733.09,731.394,730.462
dense,Gemma 4 E2B,gemma-4-E2B-it-UD-Q3_K_XL,gemma4 E2B Q3_K - Medium,512,64000,PP4096,722.765,0.36986889569145076,723.192,722.559,722.544
dense,Gemma 4 E2B,gemma-4-E2B-it-UD-Q3_K_XL,gemma4 E2B Q3_K - Medium,512,64000,TG128,70.56476666666667,0.005635896852620936,70.5712,70.5624,70.5607
dense,Gemma 4 E2B,gemma-4-E2B-it-UD-Q3_K_XL,gemma4 E2B Q3_K - Medium,512,128000,PP512,410.9073333333333,2.1333029164498467,408.578,412.766,411.378
dense,Gemma 4 E2B,gemma-4-E2B-it-UD-Q3_K_XL,gemma4 E2B Q3_K - Medium,512,128000,PP1024,407.848,1.3652366095296549,408.079,406.382,409.083
dense,Gemma 4 E2B,gemma-4-E2B-it-UD-Q3_K_XL,gemma4 E2B Q3_K - Medium,512,128000,PP2048,408.4886666666667,0.13501975164149885,408.574,408.559,408.333
dense,Gemma 4 E2B,gemma-4-E2B-it-UD-Q3_K_XL,gemma4 E2B Q3_K - Medium,512,128000,PP4096,405.25966666666665,0.27303906924346344,405.434,404.945,405.4
dense,Gemma 4 E2B,gemma-4-E2B-it-UD-Q3_K_XL,gemma4 E2B Q3_K - Medium,512,128000,TG128,55.25853333333333,0.02116632545656798,55.2806,55.2384,55.2566
dense,Gemma 4 E2B,gemma-4-E2B-it-UD-Q4_K_XL,gemma4 E2B Q4_K - Medium,512,0,PP512,3997.3166666666666,6.903805713759275,3989.97,3998.31,4003.67
dense,Gemma 4 E2B,gemma-4-E2B-it-UD-Q4_K_XL,gemma4 E2B Q4_K - Medium,512,0,PP1024,3856.346666666667,6.677367245654073,3864.05,3852.78,3852.21
dense,Gemma 4 E2B,gemma-4-E2B-it-UD-Q4_K_XL,gemma4 E2B Q4_K - Medium,512,0,PP2048,3710.9,2.6746775506591653,3708.53,3713.8,3710.37
dense,Gemma 4 E2B,gemma-4-E2B-it-UD-Q4_K_XL,gemma4 E2B Q4_K - Medium,512,0,PP4096,3501.9766666666665,0.9662470353554335,3502.97,3501.92,3501.04
dense,Gemma 4 E2B,gemma-4-E2B-it-UD-Q4_K_XL,gemma4 E2B Q4_K - Medium,512,0,TG128,94.2644,0.01263843344722522,94.2752,94.2675,94.2505
dense,Gemma 4 E2B,gemma-4-E2B-it-UD-Q4_K_XL,gemma4 E2B Q4_K - Medium,512,12000,PP512,2198.6933333333336,80.30154689253078,2106.01,2247.42,2242.65
dense,Gemma 4 E2B,gemma-4-E2B-it-UD-Q4_K_XL,gemma4 E2B Q4_K - Medium,512,12000,PP1024,2220.9366666666665,7.068212881155727,2221.33,2227.8,2213.68
dense,Gemma 4 E2B,gemma-4-E2B-it-UD-Q4_K_XL,gemma4 E2B Q4_K - Medium,512,12000,PP2048,2182.193333333333,2.5652355317462963,2185,2179.97,2181.61
dense,Gemma 4 E2B,gemma-4-E2B-it-UD-Q4_K_XL,gemma4 E2B Q4_K - Medium,512,12000,PP4096,2105.206666666667,0.5034216258101636,2104.65,2105.34,2105.63
dense,Gemma 4 E2B,gemma-4-E2B-it-UD-Q4_K_XL,gemma4 E2B Q4_K - Medium,512,12000,TG128,83.70416666666667,0.03285883950070563,83.6958,83.6763,83.7404
dense,Gemma 4 E2B,gemma-4-E2B-it-UD-Q4_K_XL,gemma4 E2B Q4_K - Medium,512,32000,PP512,1234.0566666666666,26.095640121164525,1203.93,1249.64,1248.6
dense,Gemma 4 E2B,gemma-4-E2B-it-UD-Q4_K_XL,gemma4 E2B Q4_K - Medium,512,32000,PP1024,1245.2066666666667,0.9452160246913123,1245.9,1245.59,1244.13
dense,Gemma 4 E2B,gemma-4-E2B-it-UD-Q4_K_XL,gemma4 E2B Q4_K - Medium,512,32000,PP2048,1229.7866666666666,2.2798537964819006,1232.32,1229.14,1227.9
dense,Gemma 4 E2B,gemma-4-E2B-it-UD-Q4_K_XL,gemma4 E2B Q4_K - Medium,512,32000,PP4096,1204.7166666666667,0.5783021125097783,1205.36,1204.55,1204.24
dense,Gemma 4 E2B,gemma-4-E2B-it-UD-Q4_K_XL,gemma4 E2B Q4_K - Medium,512,32000,TG128,76.1566,0.02915150081900432,76.1847,76.1586,76.1265
dense,Gemma 4 E2B,gemma-4-E2B-it-UD-Q4_K_XL,gemma4 E2B Q4_K - Medium,512,64000,PP512,739.48,8.673474736228812,729.73,742.372,746.338
dense,Gemma 4 E2B,gemma-4-E2B-it-UD-Q4_K_XL,gemma4 E2B Q4_K - Medium,512,64000,PP1024,741.8826666666666,1.6435000253523586,741.883,743.526,740.239
dense,Gemma 4 E2B,gemma-4-E2B-it-UD-Q4_K_XL,gemma4 E2B Q4_K - Medium,512,64000,PP2048,735.141,0.6383196691314242,735.835,734.579,735.009
dense,Gemma 4 E2B,gemma-4-E2B-it-UD-Q4_K_XL,gemma4 E2B Q4_K - Medium,512,64000,PP4096,727.547,0.34154355505557826,727.153,727.729,727.759
dense,Gemma 4 E2B,gemma-4-E2B-it-UD-Q4_K_XL,gemma4 E2B Q4_K - Medium,512,64000,TG128,66.18366666666667,0.013978674233753883,66.1992,66.1721,66.1797
dense,Gemma 4 E2B,gemma-4-E2B-it-UD-Q4_K_XL,gemma4 E2B Q4_K - Medium,512,128000,PP512,412.30733333333336,1.7269653538312029,410.548,414,412.374
dense,Gemma 4 E2B,gemma-4-E2B-it-UD-Q4_K_XL,gemma4 E2B Q4_K - Medium,512,128000,PP1024,409.753,0.3793323081415589,410.146,409.724,409.389
dense,Gemma 4 E2B,gemma-4-E2B-it-UD-Q4_K_XL,gemma4 E2B Q4_K - Medium,512,128000,PP2048,409.95,0.592184937329531,409.439,410.599,409.812
dense,Gemma 4 E2B,gemma-4-E2B-it-UD-Q4_K_XL,gemma4 E2B Q4_K - Medium,512,128000,PP4096,407.046,0.2022300670028972,407.139,406.814,407.185
dense,Gemma 4 E2B,gemma-4-E2B-it-UD-Q4_K_XL,gemma4 E2B Q4_K - Medium,512,128000,TG128,52.573100000000004,0.03416899179080314,52.5343,52.5863,52.5987
dense,Gemma 4 E2B,gemma-4-E2B-it-UD-Q5_K_XL,gemma4 E2B Q5_K - Medium,512,0,PP512,3910.503333333333,4.319320934282646,3915.49,3908.09,3907.93
dense,Gemma 4 E2B,gemma-4-E2B-it-UD-Q5_K_XL,gemma4 E2B Q5_K - Medium,512,0,PP1024,3794.6,1.867431390975421,3796.71,3793.16,3793.93
dense,Gemma 4 E2B,gemma-4-E2B-it-UD-Q5_K_XL,gemma4 E2B Q5_K - Medium,512,0,PP2048,3653.5466666666666,3.7897405364130217,3657.72,3650.32,3652.6
dense,Gemma 4 E2B,gemma-4-E2B-it-UD-Q5_K_XL,gemma4 E2B Q5_K - Medium,512,0,PP4096,3452.883333333333,1.0132291613122681,3451.74,3453.67,3453.24
dense,Gemma 4 E2B,gemma-4-E2B-it-UD-Q5_K_XL,gemma4 E2B Q5_K - Medium,512,0,TG128,86.82426666666666,0.006357934675136187,86.8316,86.8203,86.8209
dense,Gemma 4 E2B,gemma-4-E2B-it-UD-Q5_K_XL,gemma4 E2B Q5_K - Medium,512,12000,PP512,2170.2233333333334,78.25775446135252,2079.95,2211.85,2218.87
dense,Gemma 4 E2B,gemma-4-E2B-it-UD-Q5_K_XL,gemma4 E2B Q5_K - Medium,512,12000,PP1024,2195.9466666666667,1.3666138201164801,2197.35,2194.62,2195.87
dense,Gemma 4 E2B,gemma-4-E2B-it-UD-Q5_K_XL,gemma4 E2B Q5_K - Medium,512,12000,PP2048,2162.0633333333335,0.07505553499471436,2162.15,2162.02,2162.02
dense,Gemma 4 E2B,gemma-4-E2B-it-UD-Q5_K_XL,gemma4 E2B Q5_K - Medium,512,12000,PP4096,2081.7966666666666,1.232084953781064,2080.74,2081.5,2083.15
dense,Gemma 4 E2B,gemma-4-E2B-it-UD-Q5_K_XL,gemma4 E2B Q5_K - Medium,512,12000,TG128,77.7054,0.019219001014616446,77.7147,77.6833,77.7182
dense,Gemma 4 E2B,gemma-4-E2B-it-UD-Q5_K_XL,gemma4 E2B Q5_K - Medium,512,32000,PP512,1232.03,27.306319781325346,1200.78,1251.29,1244.02
dense,Gemma 4 E2B,gemma-4-E2B-it-UD-Q5_K_XL,gemma4 E2B Q5_K - Medium,512,32000,PP1024,1236.2866666666666,2.0518365756885952,1238.65,1235.25,1234.96
dense,Gemma 4 E2B,gemma-4-E2B-it-UD-Q5_K_XL,gemma4 E2B Q5_K - Medium,512,32000,PP2048,1226.3833333333334,1.733964628628105,1224.76,1226.18,1228.21
dense,Gemma 4 E2B,gemma-4-E2B-it-UD-Q5_K_XL,gemma4 E2B Q5_K - Medium,512,32000,PP4096,1199.3366666666666,0.6185736280616441,1199.26,1199.99,1198.76
dense,Gemma 4 E2B,gemma-4-E2B-it-UD-Q5_K_XL,gemma4 E2B Q5_K - Medium,512,32000,TG128,71.15196666666667,0.012874911002929656,71.1492,71.1407,71.166
dense,Gemma 4 E2B,gemma-4-E2B-it-UD-Q5_K_XL,gemma4 E2B Q5_K - Medium,512,64000,PP512,732.7316666666667,14.076393619579337,716.577,742.363,739.255
dense,Gemma 4 E2B,gemma-4-E2B-it-UD-Q5_K_XL,gemma4 E2B Q5_K - Medium,512,64000,PP1024,737.956,1.678855860400179,739.855,737.344,736.669
dense,Gemma 4 E2B,gemma-4-E2B-it-UD-Q5_K_XL,gemma4 E2B Q5_K - Medium,512,64000,PP2048,730.7396666666667,0.26650390866426976,731.023,730.494,730.702
dense,Gemma 4 E2B,gemma-4-E2B-it-UD-Q5_K_XL,gemma4 E2B Q5_K - Medium,512,64000,PP4096,723.2426666666667,0.9269737500778457,722.218,724.023,723.487
dense,Gemma 4 E2B,gemma-4-E2B-it-UD-Q5_K_XL,gemma4 E2B Q5_K - Medium,512,64000,TG128,62.349066666666666,0.011677899354480131,62.3552,62.3564,62.3356
dense,Gemma 4 E2B,gemma-4-E2B-it-UD-Q5_K_XL,gemma4 E2B Q5_K - Medium,512,128000,PP512,411.05366666666663,2.463741328413623,408.359,411.611,413.191
dense,Gemma 4 E2B,gemma-4-E2B-it-UD-Q5_K_XL,gemma4 E2B Q5_K - Medium,512,128000,PP1024,407.117,1.4817381685034539,407.743,408.183,405.425
dense,Gemma 4 E2B,gemma-4-E2B-it-UD-Q5_K_XL,gemma4 E2B Q5_K - Medium,512,128000,PP2048,407.894,0.8222305029612915,408.147,406.975,408.56
dense,Gemma 4 E2B,gemma-4-E2B-it-UD-Q5_K_XL,gemma4 E2B Q5_K - Medium,512,128000,PP4096,405.574,0.2261437595866777,405.725,405.683,405.314
dense,Gemma 4 E2B,gemma-4-E2B-it-UD-Q5_K_XL,gemma4 E2B Q5_K - Medium,512,128000,TG128,50.128033333333335,0.016174465472879748,50.1393,50.1095,50.1353
dense,Gemma 4 E2B,gemma-4-E2B-it-UD-Q6_K_XL,gemma4 E2B Q6_K,512,0,PP512,3655.0466666666666,6.2954375013446136,3652.22,3662.26,3650.66
dense,Gemma 4 E2B,gemma-4-E2B-it-UD-Q6_K_XL,gemma4 E2B Q6_K,512,0,PP1024,3532.2166666666667,8.49523591981617,3539.28,3522.79,3534.58
dense,Gemma 4 E2B,gemma-4-E2B-it-UD-Q6_K_XL,gemma4 E2B Q6_K,512,0,PP2048,3410.75,2.9688549981432355,3408.74,3414.16,3409.35
dense,Gemma 4 E2B,gemma-4-E2B-it-UD-Q6_K_XL,gemma4 E2B Q6_K,512,0,PP4096,3233.0733333333333,1.6705188814656458,3231.33,3234.66,3233.23
dense,Gemma 4 E2B,gemma-4-E2B-it-UD-Q6_K_XL,gemma4 E2B Q6_K,512,0,TG128,76.92393333333334,0.005953430383686526,76.93,76.9181,76.9237
dense,Gemma 4 E2B,gemma-4-E2B-it-UD-Q6_K_XL,gemma4 E2B Q6_K,512,12000,PP512,2073.7233333333334,82.08708201253917,1978.96,2122.9,2119.31
dense,Gemma 4 E2B,gemma-4-E2B-it-UD-Q6_K_XL,gemma4 E2B Q6_K,512,12000,PP1024,2105.63,2.072269287520264,2105.89,2107.56,2103.44
dense,Gemma 4 E2B,gemma-4-E2B-it-UD-Q6_K_XL,gemma4 E2B Q6_K,512,12000,PP2048,2071.3533333333335,0.31262330900511426,2071.02,2071.4,2071.64
dense,Gemma 4 E2B,gemma-4-E2B-it-UD-Q6_K_XL,gemma4 E2B Q6_K,512,12000,PP4096,1989.7166666666667,0.990168335856641,1989.14,1990.86,1989.15
dense,Gemma 4 E2B,gemma-4-E2B-it-UD-Q6_K_XL,gemma4 E2B Q6_K,512,12000,TG128,69.7801,0.021905022255183572,69.7638,69.7715,69.805
dense,Gemma 4 E2B,gemma-4-E2B-it-UD-Q6_K_XL,gemma4 E2B Q6_K,512,32000,PP512,1201.4033333333334,25.55945487159946,1171.89,1216.07,1216.25
dense,Gemma 4 E2B,gemma-4-E2B-it-UD-Q6_K_XL,gemma4 E2B Q6_K,512,32000,PP1024,1209.3,0.8750428560933698,1210.27,1209.06,1208.57
dense,Gemma 4 E2B,gemma-4-E2B-it-UD-Q6_K_XL,gemma4 E2B Q6_K,512,32000,PP2048,1195.8266666666666,1.807051004629766,1193.77,1196.55,1197.16
dense,Gemma 4 E2B,gemma-4-E2B-it-UD-Q6_K_XL,gemma4 E2B Q6_K,512,32000,PP4096,1173.6833333333334,0.7800854654031766,1173.67,1174.47,1172.91
dense,Gemma 4 E2B,gemma-4-E2B-it-UD-Q6_K_XL,gemma4 E2B Q6_K,512,32000,TG128,64.50193333333333,0.02014505729288294,64.4801,64.5198,64.5059
dense,Gemma 4 E2B,gemma-4-E2B-it-UD-Q6_K_XL,gemma4 E2B Q6_K,512,64000,PP512,724.4576666666667,12.317044870151857,710.251,732.142,730.98
dense,Gemma 4 E2B,gemma-4-E2B-it-UD-Q6_K_XL,gemma4 E2B Q6_K,512,64000,PP1024,730.2106666666666,0.9194141250455625,729.869,731.252,729.511
dense,Gemma 4 E2B,gemma-4-E2B-it-UD-Q6_K_XL,gemma4 E2B Q6_K,512,64000,PP2048,721.18,2.2622634682989844,721.774,718.68,723.086
dense,Gemma 4 E2B,gemma-4-E2B-it-UD-Q6_K_XL,gemma4 E2B Q6_K,512,64000,PP4096,713.5926666666667,0.323132067943367,713.275,713.582,713.921
dense,Gemma 4 E2B,gemma-4-E2B-it-UD-Q6_K_XL,gemma4 E2B Q6_K,512,64000,TG128,57.233133333333335,0.009990161827183725,57.2216,57.2387,57.2391
dense,Gemma 4 E2B,gemma-4-E2B-it-UD-Q6_K_XL,gemma4 E2B Q6_K,512,128000,PP512,407.811,4.495594287744414,402.667,410.987,409.779
dense,Gemma 4 E2B,gemma-4-E2B-it-UD-Q6_K_XL,gemma4 E2B Q6_K,512,128000,PP1024,404.6003333333333,0.7017152793928195,405.277,404.648,403.876
dense,Gemma 4 E2B,gemma-4-E2B-it-UD-Q6_K_XL,gemma4 E2B Q6_K,512,128000,PP2048,405.5466666666667,0.8352756032192737,406.336,404.672,405.632
dense,Gemma 4 E2B,gemma-4-E2B-it-UD-Q6_K_XL,gemma4 E2B Q6_K,512,128000,PP4096,402.34666666666664,0.46961934940263383,402.848,401.917,402.275
dense,Gemma 4 E2B,gemma-4-E2B-it-UD-Q6_K_XL,gemma4 E2B Q6_K,512,128000,TG128,46.7322,0.004100000000001103,46.7281,46.7363,46.7322
dense,Gemma 4 E2B,gemma-4-E2B-it-UD-Q8_K_XL,gemma4 E2B Q8_0,512,0,PP512,4424.693333333334,10.655197479790212,4421.06,4436.69,4416.33
dense,Gemma 4 E2B,gemma-4-E2B-it-UD-Q8_K_XL,gemma4 E2B Q8_0,512,0,PP1024,4258.633333333333,11.932348190248561,4272.4,4252.24,4251.26
dense,Gemma 4 E2B,gemma-4-E2B-it-UD-Q8_K_XL,gemma4 E2B Q8_0,512,0,PP2048,4092.8366666666666,3.353570236827311,4092.18,4096.47,4089.86
dense,Gemma 4 E2B,gemma-4-E2B-it-UD-Q8_K_XL,gemma4 E2B Q8_0,512,0,PP4096,3835.27,1.9179155351578734,3833.95,3837.47,3834.39
dense,Gemma 4 E2B,gemma-4-E2B-it-UD-Q8_K_XL,gemma4 E2B Q8_0,512,0,TG128,66.49583333333334,0.005783885660463619,66.5003,66.4893,66.4979
dense,Gemma 4 E2B,gemma-4-E2B-it-UD-Q8_K_XL,gemma4 E2B Q8_0,512,12000,PP512,2318.1,85.36547487128516,2219.56,2369.53,2365.21
dense,Gemma 4 E2B,gemma-4-E2B-it-UD-Q8_K_XL,gemma4 E2B Q8_0,512,12000,PP1024,2345.326666666667,0.9806800361654275,2345.16,2346.38,2344.44
dense,Gemma 4 E2B,gemma-4-E2B-it-UD-Q8_K_XL,gemma4 E2B Q8_0,512,12000,PP2048,2307.813333333333,1.990887574257727,2305.74,2309.71,2307.99
dense,Gemma 4 E2B,gemma-4-E2B-it-UD-Q8_K_XL,gemma4 E2B Q8_0,512,12000,PP4096,2218.0299999999997,1.3735719857365376,2218.94,2216.45,2218.7
dense,Gemma 4 E2B,gemma-4-E2B-it-UD-Q8_K_XL,gemma4 E2B Q8_0,512,12000,TG128,61.099466666666665,0.014495631525854678,61.115,61.0863,61.0971
dense,Gemma 4 E2B,gemma-4-E2B-it-UD-Q8_K_XL,gemma4 E2B Q8_0,512,32000,PP512,1275.4366666666667,25.311444710512447,1246.4,1287.07,1292.84
dense,Gemma 4 E2B,gemma-4-E2B-it-UD-Q8_K_XL,gemma4 E2B Q8_0,512,32000,PP1024,1286.4033333333334,1.0174641680832401,1286.22,1287.5,1285.49
dense,Gemma 4 E2B,gemma-4-E2B-it-UD-Q8_K_XL,gemma4 E2B Q8_0,512,32000,PP2048,1271.46,0.9062008607367718,1271.04,1272.5,1270.84
dense,Gemma 4 E2B,gemma-4-E2B-it-UD-Q8_K_XL,gemma4 E2B Q8_0,512,32000,PP4096,1247.1633333333334,1.7371624372329433,1246.81,1249.05,1245.63
dense,Gemma 4 E2B,gemma-4-E2B-it-UD-Q8_K_XL,gemma4 E2B Q8_0,512,32000,TG128,57.02953333333333,0.015685768496740082,57.0473,57.0176,57.0237
dense,Gemma 4 E2B,gemma-4-E2B-it-UD-Q8_K_XL,gemma4 E2B Q8_0,512,64000,PP512,754.453,6.256008631707653,747.305,757.123,758.931
dense,Gemma 4 E2B,gemma-4-E2B-it-UD-Q8_K_XL,gemma4 E2B Q8_0,512,64000,PP1024,756.8693333333333,1.1493982483601066,757.299,755.567,757.742
dense,Gemma 4 E2B,gemma-4-E2B-it-UD-Q8_K_XL,gemma4 E2B Q8_0,512,64000,PP2048,750.26,0.6619456171015962,749.898,751.024,749.858
dense,Gemma 4 E2B,gemma-4-E2B-it-UD-Q8_K_XL,gemma4 E2B Q8_0,512,64000,PP4096,740.2769999999999,0.8770923554563562,739.371,740.338,741.122
dense,Gemma 4 E2B,gemma-4-E2B-it-UD-Q8_K_XL,gemma4 E2B Q8_0,512,64000,TG128,51.23416666666667,0.009646933882498652,51.2408,51.2386,51.2231
dense,Gemma 4 E2B,gemma-4-E2B-it-UD-Q8_K_XL,gemma4 E2B Q8_0,512,128000,PP512,417.18733333333336,4.063759876436257,412.713,420.649,418.2
dense,Gemma 4 E2B,gemma-4-E2B-it-UD-Q8_K_XL,gemma4 E2B Q8_0,512,128000,PP1024,412.97933333333333,0.30953890439384546,412.985,412.667,413.286
dense,Gemma 4 E2B,gemma-4-E2B-it-UD-Q8_K_XL,gemma4 E2B Q8_0,512,128000,PP2048,414.36266666666666,0.6433524176789517,414.139,415.088,413.861
dense,Gemma 4 E2B,gemma-4-E2B-it-UD-Q8_K_XL,gemma4 E2B Q8_0,512,128000,PP4096,410.65866666666665,0.22839074703964243,410.492,410.565,410.919
dense,Gemma 4 E2B,gemma-4-E2B-it-UD-Q8_K_XL,gemma4 E2B Q8_0,512,128000,TG128,42.622766666666664,0.003527510926042267,42.625,42.6187,42.6246
moe,GPT-OSS 20B,gpt-oss-20b-UD-Q8_K_XL,gpt-oss 20B Q8_0,2048,0,PP512,1924.9933333333333,18.564033326121127,1943.96,1906.86,1924.16
moe,GPT-OSS 20B,gpt-oss-20b-UD-Q8_K_XL,gpt-oss 20B Q8_0,2048,0,PP1024,2291.1666666666665,5.369919304173339,2290.57,2296.81,2286.12
moe,GPT-OSS 20B,gpt-oss-20b-UD-Q8_K_XL,gpt-oss 20B Q8_0,2048,0,PP2048,2418.2166666666667,7.751866441917882,2427.04,2415.11,2412.5
moe,GPT-OSS 20B,gpt-oss-20b-UD-Q8_K_XL,gpt-oss 20B Q8_0,2048,0,PP4096,2352.24,11.074389373685605,2360.43,2356.65,2339.64
moe,GPT-OSS 20B,gpt-oss-20b-UD-Q8_K_XL,gpt-oss 20B Q8_0,2048,0,TG128,63.099333333333334,0.007155650447956101,63.1013,63.0914,63.1053
moe,GPT-OSS 20B,gpt-oss-20b-UD-Q8_K_XL,gpt-oss 20B Q8_0,2048,12000,PP512,1472.0733333333333,42.87454994904703,1501.7,1422.91,1491.61
moe,GPT-OSS 20B,gpt-oss-20b-UD-Q8_K_XL,gpt-oss 20B Q8_0,2048,12000,PP1024,1686.3566666666666,18.904989641185566,1664.53,1696.96,1697.58
moe,GPT-OSS 20B,gpt-oss-20b-UD-Q8_K_XL,gpt-oss 20B Q8_0,2048,12000,PP2048,1763.13,11.386096785114626,1753.89,1775.85,1759.65
moe,GPT-OSS 20B,gpt-oss-20b-UD-Q8_K_XL,gpt-oss 20B Q8_0,2048,12000,PP4096,1728.5466666666666,1.9801346755545202,1728.52,1726.58,1730.54
moe,GPT-OSS 20B,gpt-oss-20b-UD-Q8_K_XL,gpt-oss 20B Q8_0,2048,12000,TG128,55.6721,0.009430270409696812,55.6757,55.6792,55.6614
moe,GPT-OSS 20B,gpt-oss-20b-UD-Q8_K_XL,gpt-oss 20B Q8_0,2048,32000,PP512,947.3676666666667,14.830385104013093,952.961,930.554,958.588
moe,GPT-OSS 20B,gpt-oss-20b-UD-Q8_K_XL,gpt-oss 20B Q8_0,2048,32000,PP1024,1079.5733333333335,7.581651095462861,1070.89,1082.95,1084.88
moe,GPT-OSS 20B,gpt-oss-20b-UD-Q8_K_XL,gpt-oss 20B Q8_0,2048,32000,PP2048,1146.88,4.365489663256557,1141.93,1150.18,1148.53
moe,GPT-OSS 20B,gpt-oss-20b-UD-Q8_K_XL,gpt-oss 20B Q8_0,2048,32000,PP4096,1124.46,0.4138840417314645,1124.62,1124.77,1123.99
moe,GPT-OSS 20B,gpt-oss-20b-UD-Q8_K_XL,gpt-oss 20B Q8_0,2048,32000,TG128,47.244800000000005,0.008906177631285872,47.2372,47.2426,47.2546
moe,GPT-OSS 20B,gpt-oss-20b-UD-Q8_K_XL,gpt-oss 20B Q8_0,2048,64000,PP512,598.7913333333333,2.432926701183853,599.956,600.423,595.995
moe,GPT-OSS 20B,gpt-oss-20b-UD-Q8_K_XL,gpt-oss 20B Q8_0,2048,64000,PP1024,657.9383333333333,2.967076900475139,660.107,659.151,654.557
moe,GPT-OSS 20B,gpt-oss-20b-UD-Q8_K_XL,gpt-oss 20B Q8_0,2048,64000,PP2048,720.3793333333333,3.581755063280168,722.99,721.852,716.296
moe,GPT-OSS 20B,gpt-oss-20b-UD-Q8_K_XL,gpt-oss 20B Q8_0,2048,64000,PP4096,712.2126666666667,5.290577410201371,714.872,706.12,715.646
moe,GPT-OSS 20B,gpt-oss-20b-UD-Q8_K_XL,gpt-oss 20B Q8_0,2048,64000,TG128,37.91053333333333,0.004310839052124735,37.9067,37.9097,37.9152
moe,GPT-OSS 20B,gpt-oss-20b-UD-Q8_K_XL,gpt-oss 20B Q8_0,2048,128000,PP512,333.626,2.7901005358230253,332.641,336.775,331.462
moe,GPT-OSS 20B,gpt-oss-20b-UD-Q8_K_XL,gpt-oss 20B Q8_0,2048,128000,PP1024,354.73533333333336,5.201861237416227,349.796,360.165,354.245
moe,GPT-OSS 20B,gpt-oss-20b-UD-Q8_K_XL,gpt-oss 20B Q8_0,2048,128000,PP2048,375.516,6.523255245657636,368.086,378.159,380.303
moe,GPT-OSS 20B,gpt-oss-20b-UD-Q8_K_XL,gpt-oss 20B Q8_0,2048,128000,PP4096,378.71999999999997,2.6772073136012495,375.693,379.69,380.777
moe,GPT-OSS 20B,gpt-oss-20b-UD-Q8_K_XL,gpt-oss 20B Q8_0,2048,128000,TG128,27.320700000000002,0.004257933771209052,27.3179,27.3256,27.3186
